ingredient,cal,protein,fat,carb,fiber,category,,,,,,,,,,,,,
"Beras giling, mentah",357,8.4,1.7,77.1,0.2,vegan,,,,,,,,,,,,,
"Beras giling var pelita,
mentah",369,9.5,1.4,77.1,0.4,vegan,,,,,,,,,,,,,
"Beras giling var
rojolele, mentah",357,8.4,1.7,77.1,0.2,vegan,,,,,,,,,,,,,
"Beras hitam, mentah",351,8.0,1.3,76.9,20.1,vegan,,,,,,,,,,,,,
"Beras jagung kuning, kering, mentah",358,5.5,0.1,82.7,10.0,vegan,,,,,,,,,,,,,
"Beras jagung putih,
kering, mentah",307,4.8,0.1,71.8,10.0,vegan,,,,,,,,,,,,,
"Beras ketan hitam tumbuk, mentah",360,8.0,2.3,74.5,1.0,vegan,,,,,,,,,,,,,
"Beras ketan putih
tumbuk, mentah",361,7.4,0.8,78.4,0.4,vegan,,,,,,,,,,,,,
"Beras ladang, mentah",376,7.5,3.8,78.0,5.9,vegan,,,,,,,,,,,,,
"Beras menir, mentah",362,7.7,4.4,73.0,0.2,vegan,,,,,,,,,,,,,
Beras parboiled,353,6.8,0.6,80.0,0.5,vegan,,,,,,,,,,,,,
"Beras tumbuk, mentah",354,7.8,0.4,79.9,3.8,vegan,,,,,,,,,,,,,
"Beras tumbuk merah,
mentah",352,7.3,0.9,76.2,0.8,vegan,,,,,,,,,,,,,
"Cantel, mentah",366,11.0,3.3,73.0,1.2,vegan,,,,,,,,,,,,,
"Jagung muda, kuning, mentah",147,5.1,0.7,31.5,1.3,vegan,,,,,,,,,,,,,
"Jagung kuning pipil, kering, mentah",366,9.8,7.3,69.1,2.2,vegan,,,,,,,,,,,,,
"Jagung pipil var, harapan, kering",367,6.2,5.1,76.2,2.6,vegan,,,,,,,,,,,,,
"Jagung pipil var,
metro, kering",368,5.5,4.6,78,2.9,vegan,,,,,,,,,,,,,
"Jali, mentah",324,11,4,61,3.1,vegan,,,,,,,,,,,,,
"Jawawut, mentah",364,9.7,3.5,73.4,8.2,vegan,,,,,,,,,,,,,
"Jampang huma,
mentah",350,6.2,1.4,78.2,1.7,vegan,,,,,,,,,,,,,
Nasi,180,3,0.3,39.8,0.2,vegan,,,,,,,,,,,,,
Nasi tim,120,2.4,0.4,26,0.5,vegan,,,,,,,,,,,,,
"Beras, tapai",99,1.7,0.3,22.4,0,vegan,,,,,,,,,,,,,
"Beras, tepung, mentah",353,7,0.5,80,2.4,vegan,,,,,,,,,,,,,
"Beras merah, Nasi",149,2.8,0.4,32.5,0.3,vegan,,,,,,,,,,,,,
"Bihun, mentah",348,4.7,0.1,82.1,1.2,vegan,,,,,,,,,,,,,
Bihun goreng instan,381,6.1,3.9,80.3,0,vegan,,,,,,,,,,,,,
"Bihun Jagung, mentah",354,0.5,0.3,87.4,3,vegan,,,,,,,,,,,,,
"Jagung nasi, mentah",357,8.8,0.5,79.5,6.2,vegan,,,,,,,,,,,,,
"Jagung muda, rebus",142,5,0.7,30.3,0.8,vegan,,,,,,,,,,,,,
"Jagung kuning, tepung",355,9.2,3.9,73.7,7.2,vegan,,,,,,,,,,,,,
"Jagung kuning pipil,
rebus",154,3.8,3.5,28.4,0.7,vegan,,,,,,,,,,,,,
"Jagung, tepung putih",355,9.2,3.9,73.7,7.2,vegan,,,,,,,,,,,,,
"Ketan, ketupat",212,4,4.6,38.6,0.2,vegan,,,,,,,,,,,,,
"Ketan hitam, matang",181,4,1.2,37.3,0.3,vegan,,,,,,,,,,,,,
"Ketan hitam, tapai",166,3.8,1,34.4,0.3,vegan,,,,,,,,,,,,,
"Ketan putih, matang",163,3,0.4,35.7,0.2,vegan,,,,,,,,,,,,,
"Ketan putih, tapai",172,3,0.5,37.5,0.6,vegan,,,,,,,,,,,,,
"Maizena, tepung",341,0.3,0,85,7,vegan,,,,,,,,,,,,,
"Makaroni, mentah",353,8.7,0.4,78.7,4.9,vegan,,,,,,,,,,,,,
Mi basah,88,0.6,3.3,14,0.1,vegan,,,,,,,,,,,,,
Mi kering,339,10,1.7,6.3,0.4,vegan,,,,,,,,,,,,,
Misoa,345,8.5,2.2,78,0.5,vegan,,,,,,,,,,,,,
Roti putih,248,8,1.2,50,9.1,vegan,,,,,,,,,,,,,
Tepung terigu,333,9,1,77.2,0.3,vegan,,,,,,,,,,,,,
Amparan tatak,191,1.3,5.5,34,,vegan,,,,,,,,,,,,,
"Apang kukus, kue",202,3,0.3,46.7,,vegan,,,,,,,,,,,,,
"Apem, kue",148,2,0.5,33.9,,vegan,,,,,,,,,,,,,
Biskuit,458,6.9,14.4,75.1,2.1,vegan,,,,,,,,,,,,,
"Bakpia, kue",272,8.7,6.7,44.1,0.9,vegan,,,,,,,,,,,,,
Bakwan,280,8.2,10.2,39,3.4,vegan,,,,,,,,,,,,,
Bantal,190,3.3,0.3,43.5,3.4,vegan,,,,,,,,,,,,,
Baruasa,417,6.5,8.2,79.3,-,vegan,,,,,,,,,,,,,
Batar daan,107,2.2,2.2,19.6,-,vegan,,,,,,,,,,,,,
Bika ambon,199,2.1,1.5,44.4,0.3,vegan,,,,,,,,,,,,,
Bingka,273,5.3,10.6,39.1,-,vegan,,,,,,,,,,,,,
Bobengka,225,5.3,2.6,45.2,-,vegan,,,,,,,,,,,,,
Bolu peca,197,3.3,4.6,35.6,-,vegan,,,,,,,,,,,,,
Brem,249,3.4,0.4,58,0,vegan,,,,,,,,,,,,,
"Bubur tinotuan
(Manado)",156,2.3,0.2,15.6,8.2,vegan,,,,,,,,,,,,,
Cake tape,323,4.9,11.5,50.1,1.4,vegan,,,,,,,,,,,,,
Cangkuning,204,2.8,7.5,31.4,-,vegan,,,,,,,,,,,,,
Dodol bali,298,3.7,2.1,65.9,0.4,vegan,,,,,,,,,,,,,
Dodol galamai,348,0.4,3.8,76.1,0.5,vegan,,,,,,,,,,,,,
Dodol kedondong,331,1.9,7.6,63.8,1,vegan,,,,,,,,,,,,,
Dodol manado,373,4.3,16.5,51.9,0.4,vegan,,,,,,,,,,,,,
Emping beras,403,10.6,2.2,85.3,0.2,vegan,,,,,,,,,,,,,
Gemblong,274,1.7,5.4,55.5,2.2,vegan,,,,,,,,,,,,,
Gendar goreng,407,6.4,28.2,32,0.1,vegan,,,,,,,,,,,,,
Intip goreng,474,7.6,21.6,62.3,1.2,vegan,,,,,,,,,,,,,
Jagung gerontol,156,2.7,1.3,33.3,1,vegan,,,,,,,,,,,,,
Jagung titi,374,9.4,2.2,79.1,0.8,vegan,,,,,,,,,,,,,
Japilus,500,1.2,25.1,67.3,0.4,non-vegan,,,,,,,,,,,,,
Kakicak,296,3.4,15.1,36.7,-,non-vegan,,,,,,,,,,,,,
Kambose,164,3,2.4,32.6,4.3,non-vegan,,,,,,,,,,,,,
Kapusa,158,4.4,3.2,27.8,5.3,non-vegan,,,,,,,,,,,,,
Keddo bodong,290,4.6,5.7,55.2,-,non-vegan,,,,,,,,,,,,,
"Kelepon, kue",215,3.7,3.7,41.8,1,vegan,,,,,,,,,,,,,
Kereput,580,4.8,39.6,51.1,-,non-vegan,,,,,,,,,,,,,
Ketoprak,153,7.9,7.7,13,2.9,vegan,,,,,,,,,,,,,
Ketupat kandangan,109,2.2,5.2,13.4,-,vegan,,,,,,,,,,,,,
Koya,366,4.2,4.3,77.5,0.8,non-vegan,,,,,,,,,,,,,
Koya mirasa,370,8,1,82.2,0.4,non-vegan,,,,,,,,,,,,,
Koyabu,241,3.4,4.3,47.2,-,non-vegan,,,,,,,,,,,,,
Kue ali,440,3.8,18.5,64.5,0.3,non-vegan,,,,,,,,,,,,,
Kue bangen,442,3.3,14.7,74.2,-,non-vegan,,,,,,,,,,,,,
Kue gelang,448,5.8,16.1,70,-,non-vegan,,,,,,,,,,,,,
Kue jahe,425,1.6,8.8,84.6,1.2,vegan,,,,,,,,,,,,,
Kue kelapa,591,5.6,42.1,47.5,-,vegan,,,,,,,,,,,,,
Kue koa,340,4.8,0.4,79.3,-,non-vegan,,,,,,,,,,,,,
Kue ku temu,214,3.5,0.2,49.6,-,non-vegan,,,,,,,,,,,,,
Kue lumpur,291,3.6,11.1,44.1,-,vegan,,,,,,,,,,,,,
Kue pelita,141,5.3,5.5,17.6,-,non-vegan,,,,,,,,,,,,,
Kue putu cangkir,304,5.3,7,54.9,0.9,vegan,,,,,,,,,,,,,
Kue sus,221,7.5,10.2,24.8,-,non-vegan,,,,,,,,,,,,,
Kue thipan,247,2.9,4.2,49.5,-,non-vegan,,,,,,,,,,,,,
Laksa/Putu mayang,121,1.7,3.4,21.1,-,non-vegan,,,,,,,,,,,,,
Lapis legit,389,6.6,15.7,55.5,0.5,non-vegan,,,,,,,,,,,,,
Lupis ketan,164,1.8,2.1,34.5,0.7,vegan,,,,,,,,,,,,,
Manan samin,379,3.4,18.1,50.6,-,non-vegan,,,,,,,,,,,,,
Martabak india,153,4.5,4.2,24.3,-,non-vegan,,,,,,,,,,,,,
Martabak mesir,278,5.1,8.6,45,-,non-vegan,,,,,,,,,,,,,
Masekat,369,2.1,7,74.1,4,non-vegan,,,,,,,,,,,,,
Mie aceh rebus,113,3,3.2,18.1,-,non-vegan,,,,,,,,,,,,,
Mie ayam,102,6.2,3.9,10.5,-,non-vegan,,,,,,,,,,,,,
Mie bakso,114,5.3,3,16.4,0.1,non-vegan,,,,,,,,,,,,,
Mie celon,102,3,2.1,17.8,-,non-vegan,,,,,,,,,,,,,
Mie pangsit basah,105,5.9,4.9,9.4,-,non-vegan,,,,,,,,,,,,,
Nasi gemuk,192,3.8,8.8,24.4,0.7,non-vegan,,,,,,,,,,,,,
Nasi gurih,190,4.7,7.5,26,0.7,vegan,,,,,,,,,,,,,
Nasi minyak,207,3.5,5,37.1,0.8,non-vegan,,,,,,,,,,,,,
Nasi rames,155,10.3,4.2,19.1,-,non-vegan,,,,,,,,,,,,,
Nopia spesial,387,5.3,7.6,74.3,0.3,non-vegan,,,,,,,,,,,,,
Onde-onde,336,4,9.8,57.9,-,vegan,,,,,,,,,,,,,
Padamaran,171,3.9,8.9,18.8,-,non-vegan,,,,,,,,,,,,,
Pastel,307,4.5,13.3,42.4,-,non-vegan,,,,,,,,,,,,,
Pulut,216,2.6,3.1,44.4,-,non-vegan,,,,,,,,,,,,,
Pundut nasi,104,1.9,4.1,15.1,0.4,vegan,,,,,,,,,,,,,
Putri hijau,189,5.4,2.1,37.2,-,non-vegan,,,,,,,,,,,,,
Putri selat,163,2.2,6.5,23.8,-,non-vegan,,,,,,,,,,,,,
Putu sopa,215,3.3,4.1,41.1,-,non-vegan,,,,,,,,,,,,,
Renggi goreng,471,4.7,21.8,64.1,6.4,non-vegan,,,,,,,,,,,,,
Roti boong,341,5.5,16.2,43.3,-,non-vegan,,,,,,,,,,,,,
"Roti warna sawo
matang",249,7.9,1.5,49.7,-,non-vegan,,,,,,,,,,,,,
Sarimuka,166,2.3,2.8,32.9,-,non-vegan,,,,,,,,,,,,,
Spaghetti,139,7.4,2.1,22.6,-,non-vegan,,,,,,,,,,,,,
Srikaya ketan,265,2.7,6.4,49.1,-,vegan,,,,,,,,,,,,,
Sunduk lawang,181,1.9,1.3,32.4,-,vegan,,,,,,,,,,,,,
Suwir-suwir,347,0.5,0.9,84.2,0.8,non-vegan,,,,,,,,,,,,,
Tipa-tipa,355,6.2,1.2,79.8,1.3,vegan,,,,,,,,,,,,,
Wajit camilan,303,6.3,2.7,63.3,6.9,vegan,,,,,,,,,,,,,
Widaran,424,1.3,10.7,80.7,0.2,vegan,,,,,,,,,,,,,
Wingko babat,355,3.2,15.1,51.4,2.4,vegan,,,,,,,,,,,,,
Yangko,254,3,1.1,58.1,0.8,vegan,,,,,,,,,,,,,
"Arrowroot, segar",102,1,0.2,24.1,1.7,vegan,,,,,,,,,,,,,
"Batatas gembili, segar",76,1.1,0.9,16,4.2,vegan,,,,,,,,,,,,,
"Batatas kelapa, ubi,
segar",89,1.1,0.1,21,4,vegan,,,,,,,,,,,,,
"Belitung, talas, segar",145,1.2,0.4,34.2,1.5,vegan,,,,,,,,,,,,,
"Bengkuang, segar",59,1.4,0.2,12.8,1,vegan,,,,,,,,,,,,,
"Bentul (Komba), talas,
segar",98,1.6,0.7,20.9,0.7,vegan,,,,,,,,,,,,,
"Gadeng/Gadung,
kering",322,2.4,0.6,76.6,,vegan,,,,,,,,,,,,,
"Gadung, ubi, segar",100,0.9,0.3,23.5,2.1,vegan,,,,,,,,,,,,,
"Ganyong, segar",77,0.6,0.2,18.4,0.8,vegan,,,,,,,,,,,,,
"Gembili, ubi, segar",131,1.1,0.2,31.3,1.1,vegan,,,,,,,,,,,,,
"Hofa/Ubi hutan, segar",127,1.2,0.5,29.5,3.4,vegan,,,,,,,,,,,,,
"Kaburan, ubi, segar",133,1,0.2,32.2,0.7,vegan,,,,,,,,,,,,,
"Kentang, segar",62,2.1,0.2,13.5,0.5,vegan,,,,,,,,,,,,,
"Kentang hitam, segar",142,0.9,0.4,33.7,5.4,vegan,,,,,,,,,,,,,
"Keribang, ubi, segar",137,1.3,1.1,29.8,0.6,vegan,,,,,,,,,,,,,
"Ketela pohon/
singkong, segar",154,1,0.3,36.8,0.9,vegan,,,,,,,,,,,,,
Lepok/Ubi rumput,181,2.8,1.2,39.8,10.7,vegan,,,,,,,,,,,,,
"Sagu aren, kering",355,0.6,1.1,85.6,0.3,vegan,,,,,,,,,,,,,
"Sagu aren, segar",231,0.6,0.2,56.6,3.2,vegan,,,,,,,,,,,,,
Sagu kasbi segar,230,0.6,0.2,56.5,3,vegan,,,,,,,,,,,,,
Sagu lempeng,347,0.9,0.3,85.2,4.7,vegan,,,,,,,,,,,,,
"Sagu singkong, kering",362,0.5,0.3,86.9,,vegan,,,,,,,,,,,,,
"Sente, talas, segar",353,0.7,0.2,84.7,6.6,vegan,,,,,,,,,,,,,
"Suweg, talas, segar",74,1.4,0.1,17.2,1.4,vegan,,,,,,,,,,,,,
"Talas bogor, segar",108,1.4,0.4,25,0.9,vegan,,,,,,,,,,,,,
"Talas pontianak, segar",163,2.3,0.5,36.4,0.7,vegan,,,,,,,,,,,,,
"Talas viqueque, segar",115,1.8,0.5,25.9,8.6,vegan,,,,,,,,,,,,,
"Ubi jalar, kuning, segar",119,0.5,0.4,25.1,4.2,vegan,,,,,,,,,,,,,
"Ubi jalar manis, segar",83,1.5,0.2,18.8,0.6,vegan,,,,,,,,,,,,,
"Ubi jalar merah, segar",151,1.6,0.3,35.4,0.7,vegan,,,,,,,,,,,,,
"Ubi jalar putih, segar",88,0.4,0.4,20.6,4,vegan,,,,,,,,,,,,,
"Ubi jalar tinta/
kemayung",108,0.5,0.4,25.6,4.2,vegan,,,,,,,,,,,,,
"Umbi Uwi, segar",120,2.8,0.5,82.3,2.6,vegan,,,,,,,,,,,,,
"Batatas kelapa, ubi,
bakar",110,1.4,1.1,23.4,4.5,vegan,,,,,,,,,,,,,
"Batatas kelapa, ubi,
kukus",92,1.2,0.3,21,4.1,vegan,,,,,,,,,,,,,
"Batatas tali, ubi, rebus",182,2.4,0.4,42.2,9.2,vegan,,,,,,,,,,,,,
"Belitung, talas, kukus",145,1.2,0.4,34.2,1,vegan,,,,,,,,,,,,,
"Bentul, talas, kukus",71,2.3,0.3,15.4,0.5,vegan,,,,,,,,,,,,,
"Gadung, ubi, kukus",88,0.6,0.3,20.9,0.9,vegan,,,,,,,,,,,,,
"Ganyong, rebus",100,0.8,0.2,23.8,0.9,vegan,,,,,,,,,,,,,
"Ketela pohon/
singkong kukus",153,1.2,0.3,36.4,1.3,vegan,,,,,,,,,,,,,
"Suweg, talas, kukus",93,1.5,0.1,21.9,0.9,vegan,,,,,,,,,,,,,
"Talas bogor, kukus",120,1.5,0.3,28.2,0.7,vegan,,,,,,,,,,,,,
"Ubi jalar, kuning,
kukus",100,0.7,0.3,23.8,1,vegan,,,,,,,,,,,,,
"Ubi jalar tinta/
kemayung kukus",165,0.9,0.2,39.8,1.1,vegan,,,,,,,,,,,,,
Bagea kelapa asin,450,3.2,13.9,78.1,,vegan,,,,,,,,,,,,,
Bagea kelapa manis,452,1.3,13.8,80.6,,vegan,,,,,,,,,,,,,
Bagea kenari asin,529,3.2,29.1,63.6,,vegan,,,,,,,,,,,,,
Bagea kenari manis,523,3.2,28.2,64.2,,vegan,,,,,,,,,,,,,
Bagea kw 1,416,6.5,9.4,76.3,0.4,vegan,,,,,,,,,,,,,
Bagea kw 2,382,0.3,3.5,87.2,0.9,vegan,,,,,,,,,,,,,
Beras Cerdas,350,2.7,1.1,82.3,6.2,vegan,,,,,,,,,,,,,
Beras ganyong,364,3.4,0.7,86.3,4.7,vegan,,,,,,,,,,,,,
Beras Siger,344,1.1,0.2,28.3,5.6,vegan,,,,,,,,,,,,,
Biji nangka/Biji salak,262,2.3,5.4,51.1,8,vegan,,,,,,,,,,,,,
Bubur sagu,167,0.2,4,33,,vegan,,,,,,,,,,,,,
Cassavastick,460,0.8,18.7,17.2,1.6,vegan,,,,,,,,,,,,,
"Ceriping getuk
singkong",462,1.2,20.7,67.7,0.6,vegan,,,,,,,,,,,,,
Gatot,347,1.3,0.7,83.8,5.8,vegan,,,,,,,,,,,,,
Geblek,195,0.4,1.7,44.4,3.6,vegan,,,,,,,,,,,,,
Getuk goreng,360,1.3,6.4,74.3,0.8,vegan,,,,,,,,,,,,,
Getuk singkong,204,0.5,1.4,47.4,0.8,vegan,,,,,,,,,,,,,
Gurandil,218,0.5,2.5,48.5,3.1,vegan,,,,,,,,,,,,,
Kabuto,250,2.6,2.5,35.4,1.8,vegan,,,,,,,,,,,,,
Kapurung,41,2,0.3,7.8,2,vegan,,,,,,,,,,,,,
"Kecimpring singkong
goreng",464,1.2,18.6,73,1.3,vegan,,,,,,,,,,,,,
Keremes,475,1.6,25.2,64.4,2.1,vegan,,,,,,,,,,,,,
Keripik gadung,446,2.8,14.5,76,1.7,vegan,,,,,,,,,,,,,
Keripik kentang,448,2.7,18.8,67.1,3.8,vegan,,,,,,,,,,,,,
Keripik singkong,478,0.9,20.7,72,2,vegan,,,,,,,,,,,,,
"Keripik singkong
berbumbu",481,2.2,19.7,73.6,1.6,vegan,,,,,,,,,,,,,
Keripik ubi,486,0.2,23.9,67.6,14.3,vegan,,,,,,,,,,,,,
Kerupuk cumi goreng,444,6.9,14.6,71.3,5,non-vegan,,,,,,,,,,,,,
"Kerupuk kemplang
(ikan) mentah",325,1.8,0.4,78.5,4.5,non-vegan,,,,,,,,,,,,,
"Kerupuk kemplang
goreng",504,5.6,28.1,57.1,0.3,non-vegan,,,,,,,,,,,,,
"Kerupuk kemplang
panggang",356,9.7,1.1,76.9,1,non-vegan,,,,,,,,,,,,,
"Kerupuk mie kuning
goreng",476,0.1,21.1,71.3,4.2,non-vegan,,,,,,,,,,,,,
Kerupuk udang goreng,477,4.7,20.5,68.5,5,non-vegan,,,,,,,,,,,,,
Kue bangket,338,1.5,1.2,80.3,,non-vegan,,,,,,,,,,,,,
Kue putu singkong,217,1.2,0.5,53.2,2.4,vegan,,,,,,,,,,,,,
Lanting getuk,422,0.9,10.8,80.4,1.4,vegan,,,,,,,,,,,,,
Mi golosor,71,0.2,0.8,15.9,0.1,non-vegan,,,,,,,,,,,,,
Mie Bendo,353,0.3,0,88,2.4,non-vegan,,,,,,,,,,,,,
Mie Sagu,190,0.2,0.4,46.5,1.4,vegan,,,,,,,,,,,,,
Ongol-ongol sagu,111,0.3,2.7,21.2,0.3,vegan,,,,,,,,,,,,,
Oyek,351,0.9,0.9,84.9,4.3,non-vegan,,,,,,,,,,,,,
Papeda,61,0.2,0.1,14.9,0.5,vegan,,,,,,,,,,,,,
Rasbi (Beras Ubi),394,2.2,8.8,76.6,6.8,vegan,,,,,,,,,,,,,
Rasi (Beras Singkong),350,0.9,0.4,85.7,14.4,vegan,,,,,,,,,,,,,
Sagu forno,291,0.5,4,63.4,,vegan,,,,,,,,,,,,,
Sagu Lemak (Kue Sagon),452,2.8,14.8,76.8,1.1,vegan,,,,,,,,,,,,,
Sagu manis,287,0.5,3.9,62.4,,vegan,,,,,,,,,,,,,
Sagu Rendang,364,0.1,0.2,90.5,1.9,non-vegan,,,,,,,,,,,,,
Sagu sinole,354,0.8,8.3,68.9,,vegan,,,,,,,,,,,,,
"Serimping talas
kebumen",478,2.5,21.2,69.2,1.7,vegan,,,,,,,,,,,,,
Tapai singkong,169,1.4,0.3,40.2,2,vegan,,,,,,,,,,,,,
Tepung Arrowroot,355,0.7,0.2,85.2,0.4,vegan,,,,,,,,,,,,,
Tepung Ganyong,353,0.8,1.7,83.6,0.7,vegan,,,,,,,,,,,,,
Tepung Gaplek,345,2.4,0.4,83.1,6.7,vegan,,,,,,,,,,,,,
"Tepung kentang,
kering",347,0.3,0.1,85.6,0.4,vegan,,,,,,,,,,,,,
Tepung Mocaf,350,1.2,0.6,85,6,vegan,,,,,,,,,,,,,
Tepung Sente,326,4,0.4,76.7,8.5,vegan,,,,,,,,,,,,,
"Tepung singkong/
Tapioka",363,1.1,0.5,88.2,0.9,vegan,,,,,,,,,,,,,
Tepung Tales Beneng,332,5.7,0.6,76.1,12.2,vegan,,,,,,,,,,,,,
Tepung Ubi Ungu,354,2.8,0.6,84.4,12.9,vegan,,,,,,,,,,,,,
Tiwul,353,2.4,1.1,83.4,6.5,vegan,,,,,,,,,,,,,
Tiwul Instan,395,3.2,8.5,76.5,4.2,vegan,,,,,,,,,,,,,
Ubi Cilembu,186,1.9,0.2,44.3,3.4,vegan,,,,,,,,,,,,,
Uli batatas,150,1.1,4,27.4,,vegan,,,,,,,,,,,,,
"Kacang arab, kering",330,23.8,1.4,60.2,17.4,vegan,,,,,,,,,,,,,
"Kacang babi, kering",341,30.4,3.2,51.3,4.5,vegan,,,,,,,,,,,,,
"Kacang belimbing
(kecipir), kering",400,34.4,16.9,34.1,10.7,vegan,,,,,,,,,,,,,
"Kacang beracun, segar",118,4.4,1.5,21.6,,vegan,,,,,,,,,,,,,
"Kacang bogor, kering",370,16,6,65,26.3,vegan,,,,,,,,,,,,,
"Kacang bogor, segar",165,7.7,3.1,27.4,2.5,vegan,,,,,,,,,,,,,
"Kacang endel, biji, kering",331,25,1,58,23.6,vegan,,,,,,,,,,,,,
"Kacang ercis, segar",129,12.4,0.7,18.3,28.6,vegan,,,,,,,,,,,,,
"kacang galing, segar",336,23.1,1.7,59.5,,vegan,,,,,,,,,,,,,
"Kacang gude, biji, kering",316,20.7,1,58,4.6,vegan,,,,,,,,,,,,,
"Kacang gude, biji,
segar",114,7,0.6,20.8,4.4,vegan,,,,,,,,,,,,,
"Kacang hijau var, bakti, kering",350,17.1,1.8,70.7,5.7,vegan,,,,,,,,,,,,,
"Kacang hijau var,
siwalik, kering",339,20.8,2.1,64.6,7.4,vegan,,,,,,,,,,,,,
"Kacang hijau, kering",323,22.9,1.5,56.8,7.5,vegan,,,,,,,,,,,,,
"Kacang hitam, kering",346,16.6,1.7,66.1,22.8,vegan,,,,,,,,,,,,,
"Kacang kapri, segar",98,6.7,0.4,17.7,6.2,vegan,,,,,,,,,,,,,
"Kacang kedelai, kering",381,40.4,16.7,24.9,3.2,vegan,,,,,,,,,,,,,
"Kacang kedelai, segar",286,30.2,15.6,30.1,2.9,vegan,,,,,,,,,,,,,
"Kacang kincai, kering",444,19.9,16,55,,vegan,,,,,,,,,,,,,
"Kacang komak, segar",327,16.4,4.3,55.8,0.5,vegan,,,,,,,,,,,,,
"Kacang kuning, kering",355,17,2.5,66,15.1,vegan,,,,,,,,,,,,,
"Kacang lebui /iris,
kering",346,16.5,1.5,66.6,37.3,vegan,,,,,,,,,,,,,
"Kacang mentega,
kering",344,16.7,2.1,64.6,13,vegan,,,,,,,,,,,,,
"Kacang merah /banda,
kering",350,13.9,3,66.9,26.3,vegan,,,,,,,,,,,,,
"Kacang merah tua,
kering",280,16.7,1.6,63.2,4.6,vegan,,,,,,,,,,,,,
"Kacang merah, kering",314,22.1,1.1,56.2,4,vegan,,,,,,,,,,,,,
"Kacang merah, segar",171,11,2.2,28,2.1,vegan,,,,,,,,,,,,,
"Kacang mete/biji
jambu monyet, segar",616,16.3,48.4,28.7,0.9,vegan,,,,,,,,,,,,,
"Kacang panjang, biji,
kering",357,17.3,1.5,68.6,10.6,vegan,,,,,,,,,,,,,
Kacang tanah sangan,560,29.5,43,24.1,2.9,vegan,,,,,,,,,,,,,
Kacang tanah sangan tanpa selaput,559,26.9,44.2,23.6,2.6,vegan,,,,,,,,,,,,,
"Kacang tanah, kering",525,27.9,42.7,17.4,2.4,vegan,,,,,,,,,,,,,
"Kacang tolo / tunggak,
kering",331,24.4,1.9,56.6,1.6,vegan,,,,,,,,,,,,,
"Kacang tunis, kering",351,12.2,1.2,72.9,29.5,vegan,,,,,,,,,,,,,
"Kacang uci, kering",358,23.4,2.4,60.6,7.4,vegan,,,,,,,,,,,,,
"Kacang urei, kering",354,12.8,1.8,69.3,26.1,vegan,,,,,,,,,,,,,
"Kenari banda, kering",616,13.9,56.2,13.7,,vegan,,,,,,,,,,,,,
"Kenari, kering",657,15,66,13,,vegan,,,,,,,,,,,,,
"Komak polong, segar",99,3.3,0.1,21.2,10.3,vegan,,,,,,,,,,,,,
"Koro andong, kering",356,20.5,4.1,61.6,7,vegan,,,,,,,,,,,,,
"Koro benguk, biji, kering",332,24,3,55,5.6,vegan,,,,,,,,,,,,,
"Koro kerupuk, biji, segar",125,8.3,0.7,22.1,2.2,vegan,,,,,,,,,,,,,
"Koro loke, biji, segar",33,2.7,0.2,7.9,3.5,vegan,,,,,,,,,,,,,
"Koro roay, kering",344,12.5,2.1,69.4,7.5,vegan,,,,,,,,,,,,,
"Koro wedus, biji,
kering",338,22.2,1.5,61,5.8,vegan,,,,,,,,,,,,,
"Lamtoro biji, muda,
segar",85,5.7,0.3,15.4,10.8,vegan,,,,,,,,,,,,,
"Lamtoro biji, tua,
segar",148,10.6,0.5,26.2,17,vegan,,,,,,,,,,,,,
"Lamtoro var, gung
tanpa kulit",367,46.4,5.4,32.5,2.6,vegan,,,,,,,,,,,,,
"Lamtoro var, lokal
dengan kulit",336,23.8,1.2,59.7,15.4,vegan,,,,,,,,,,,,,
"Nangka, biji, segar",165,4.2,0.1,36.7,1.8,vegan,,,,,,,,,,,,,
"Saga merah terkupas, mentah",449,30.6,25.5,31.9,3.5,vegan,,,,,,,,,,,,,
"Wijen, mentah",568,19.3,51.1,18.1,3.6,vegan,,,,,,,,,,,,,
"Kacang belimbing, rebus",204,16.9,8.8,17.5,4.8,vegan,,,,,,,,,,,,,
"Kacang bogor, goreng",479,12.7,23.2,58.9,1.2,vegan,,,,,,,,,,,,,
"Kacang bogor, rebus",161,7.7,2.8,27.1,2,vegan,,,,,,,,,,,,,
"Kacang gude, rebus",147,9,0.5,27.5,3.4,vegan,,,,,,,,,,,,,
"kacang hijau, rebus",109,8.7,0.5,18.3,1.5,vegan,,,,,,,,,,,,,
"Kacang kedelai, goreng",521,32.2,37.7,22.9,7.6,vegan,,,,,,,,,,,,,
"Kacang kedelai, rebus",189,20.2,8.2,12.7,1.6,vegan,,,,,,,,,,,,,
"Kacang merah kering,
rebus",158,10.3,0.9,28.2,2.6,vegan,,,,,,,,,,,,,
"Kacang merah segar,
rebus",144,10,1,24.7,3.5,vegan,,,,,,,,,,,,,
"Kacang mete/biji
jambu monyet, goreng",629,20.4,56.3,19.8,1.1,vegan,,,,,,,,,,,,,
"Kacang tanah rebus dg
kulit",360,13.5,31.2,12.8,,vegan,,,,,,,,,,,,,
"Kacang tanah, goreng",564,25.5,44.4,25.5,2.8,vegan,,,,,,,,,,,,,
"Kacang tanah, rebus",220,10.6,18,8,1,vegan,,,,,,,,,,,,,
"Kacang tolo, rebus",138,10.7,1.1,22.6,0.9,vegan,,,,,,,,,,,,,
Ampas kacang hijau,96,3.7,0.6,19.1,2.7,vegan,,,,,,,,,,,,,
"Ampas tahu, mentah",67,5,2.1,8.1,4.1,vegan,,,,,,,,,,,,,
Ampas tahu kukus,75,4.1,2.1,10.7,5.1,vegan,,,,,,,,,,,,,
"Ampas tahu, kering",414,26.6,18.3,41.3,0,vegan,,,,,,,,,,,,,
"Pepea oncom ampas
tahu",76,5.2,1.8,10.6,2.2,vegan,,,,,,,,,,,,,
Bungkil biji karet,333,29.3,3.3,50,,vegan,,,,,,,,,,,,,
Bungkil kacang tanah,336,37.4,13,30.5,,vegan,,,,,,,,,,,,,
Bungkil kelapa,368,23,15,40,,vegan,,,,,,,,,,,,,
Dodol banjarmasin,368,2.6,8.6,70,0.5,vegan,,,,,,,,,,,,,
"Emping (kerupuk
melinjo)",345,12,1.5,71.5,,vegan,,,,,,,,,,,,,
Emping komak,355,17.8,4.6,60.7,,vegan,,,,,,,,,,,,,
"Enting-enting gepuk
hello kity",538,13.6,30.3,52.6,0.2,vegan,,,,,,,,,,,,,
"Enting-enting gepuk
kacang tanah",524,13.3,29.2,52,0.2,vegan,,,,,,,,,,,,,
Enting-enting wijen,565,18.2,38.4,36.8,1.9,vegan,,,,,,,,,,,,,
Geplak,350,1.4,14.4,53.6,1.8,vegan,,,,,,,,,,,,,
Geplak jahe,462,3.1,24.4,57.7,3.3,vegan,,,,,,,,,,,,,
Kacang atom,533,27.8,38.1,28.8,2.5,vegan,,,,,,,,,,,,,
Kacang goyang,516,14.7,31.1,44.4,,vegan,,,,,,,,,,,,,
Kacang negara,480,18.4,19.1,58.5,11.7,vegan,,,,,,,,,,,,,
Kacang sukro,484,8.8,26.1,57.7,1.8,vegan,,,,,,,,,,,,,
Kacang tanah sari,561,25.5,43.8,26,2.2,vegan,,,,,,,,,,,,,
"Keju kacang tanah
(peanut butter)",590,27,49,20.9,1.6,vegan,,,,,,,,,,,,,
Kembang tahu,380,48.9,13.8,23.3,0,vegan,,,,,,,,,,,,,
Kembang tahu rebus,90,10.7,4,4.7,,vegan,,,,,,,,,,,,,
Keripik oncom,598,8.3,43.8,42.6,3.3,vegan,,,,,,,,,,,,,
Keripik tempe,581,12.1,40.6,41.7,2.2,vegan,,,,,,,,,,,,,
"Keripik tempe abadi
besar",556,15.8,37.1,39.8,3.5,vegan,,,,,,,,,,,,,
"Keripik tempe abadi
murni",542,40.3,42.4,11.6,2.2,vegan,,,,,,,,,,,,,
"Keripik tempe abadi
sedang",510,12.3,27.9,52.4,3.6,vegan,,,,,,,,,,,,,
"Keripik tempe abadi
telur",529,20.8,31.7,40.2,3,vegan,,,,,,,,,,,,,
"Kerupik tempe abadi
prima",540,16.7,33.9,42,2.2,vegan,,,,,,,,,,,,,
Kwaci,515,30.6,42.1,13.8,13.6,vegan,,,,,,,,,,,,,
"Melinjo emping tebal
goreng manis",439,10,16.4,65.7,,vegan,,,,,,,,,,,,,
"Melinjo emping tebal,
goreng asin",431,11.1,16.2,63,,vegan,,,,,,,,,,,,,
"Melinjo emping tipis
goreng",485,11.5,24.5,59.1,,vegan,,,,,,,,,,,,,
Moon tahu,128,8,10,1.3,0.2,vegan,,,,,,,,,,,,,
Oncom,187,13,6,22.6,,vegan,,,,,,,,,,,,,
"Oncom ampas kacang
hijau",376,14.9,6,65.7,12.3,vegan,,,,,,,,,,,,,
"Oncom kacang hijau +
singkong",351,11,5.3,65.9,9,vegan,,,,,,,,,,,,,
"Oncom kacang tanah
pepes",132,12.7,3.8,13.7,3.1,vegan,,,,,,,,,,,,,
"Rempeyek kacang
tanah",513,17.5,32.5,44.3,1.7,vegan,,,,,,,,,,,,,
Rempeyek kacang tolo,451,11.2,20.2,59.7,1.8,vegan,,,,,,,,,,,,,
Rempeyek kacang uci,497,17,27.6,50.8,2.4,vegan,,,,,,,,,,,,,
Sayur lebui,64,2.1,0.6,12.5,5.7,vegan,,,,,,,,,,,,,
"Saridele, bubuk",344,30,20,43,6.2,vegan,,,,,,,,,,,,,
Susu kedelai,41,3.5,2.5,5,0.2,vegan,,,,,,,,,,,,,
"Tahu, mentah",80,10.9,4.7,0.8,0.1,vegan,,,,,,,,,,,,,
Tahu goreng,115,9.7,8.5,2.5,0.1,vegan,,,,,,,,,,,,,
Tahu telur,328,12.6,19.9,24.6,0.4,non-vegan,,,,,,,,,,,,,
Takwa,148,13.8,8.5,4,0,vegan,,,,,,,,,,,,,
Tauco,184,11.4,5.5,22.2,1.9,vegan,,,,,,,,,,,,,
"Tauco cap beruang,
cake",347,7.4,5.2,67.6,3.2,vegan,,,,,,,,,,,,,
"Tauco cap DAS, cake",358,7.5,4.3,70.4,3.1,vegan,,,,,,,,,,,,,
Tauco cap meong,159,7.4,4.9,21.3,1.6,vegan,,,,,,,,,,,,,
Tauji cap singa,277,9.1,4.7,49.6,1.2,vegan,,,,,,,,,,,,,
Tempe bongkrek,119,4.4,3.5,18.3,,vegan,,,,,,,,,,,,,
Tempe gembus P3G,73,5.7,1.3,10.3,4.2,vegan,,,,,,,,,,,,,
Tempe gembus yogya,76,6.8,0.7,10.6,5.3,vegan,,,,,,,,,,,,,
Tempe kacang babi,139,12.5,0.8,21.9,1.8,vegan,,,,,,,,,,,,,
"Tempe kacang
belimbing",212,17.5,10,12.9,2.9,vegan,,,,,,,,,,,,,
"Tempe kedelai +
jagung",143,12,5.5,11.4,1.9,vegan,,,,,,,,,,,,,
"Tempe kedelai murni,
goreng",350,24.5,26.6,10.4,4.2,vegan,,,,,,,,,,,,,
"Tempe kedelai murni,
mentah",201,20.8,8.8,13.5,1.4,vegan,,,,,,,,,,,,,
Tempe koro benguk,141,10.2,1.3,23.2,,vegan,,,,,,,,,,,,,
Tempe lamtoro,128,10.7,0.5,21.3,7.1,vegan,,,,,,,,,,,,,
"Tempe lamtoro var,
gung dengan kulit",146,11.7,2.3,19.6,7.6,vegan,,,,,,,,,,,,,
"Tempe lamtoro var,
gung tanpa kulit",131,18,0.8,13,1.3,vegan,,,,,,,,,,,,,
Tempe pasar,150,14,7.7,9.1,1.4,vegan,,,,,,,,,,,,,
Tempe pasar goreng,336,20,28,7.8,3.4,vegan,,,,,,,,,,,,,
"Tepung hunkwe (pati
kacang ijo)",364,4.5,1,83.5,16.1,vegan,,,,,,,,,,,,,
Tepung Jalejo,388,19,7.5,61.2,5.8,vegan,,,,,,,,,,,,,
Tepung kacang kedelai,347,35.9,20.6,29.9,5.8,vegan,,,,,,,,,,,,,
"Akar tonjong, segar",45,1.1,0.4,10.8,1.2,vegan,,,,,,,,,,,,,
"Ale,toge, segar",37,4.4,0.5,3.8,1.7,vegan,,,,,,,,,,,,,
"Andaliman, segar",99,4.6,1,18,8.5,vegan,,,,,,,,,,,,,
"Andewi, segar",226,1.6,0.2,5.3,4.1,vegan,,,,,,,,,,,,,
"Bakung, segar",27,2,0.2,4.2,3.8,vegan,,,,,,,,,,,,,
"Baligo, segar",15,0.4,0.2,3,0.4,vegan,,,,,,,,,,,,,
"Bawang bombay,
segar",43,1.4,0.2,10.3,2,vegan,,,,,,,,,,,,,
"Bayam, segar",16,0.9,0.4,2.9,0.7,vegan,,,,,,,,,,,,,
"Bayam merah, segar",41,2.2,0.8,6.3,2.2,vegan,,,,,,,,,,,,,
"Bit, segar",41,1.6,0.1,9.6,2.6,vegan,,,,,,,,,,,,,
Buah kelor,38,1.5,0.2,7.5,3.2,vegan,,,,,,,,,,,,,
Buah merah,87,2.6,2.7,13.1,4,vegan,,,,,,,,,,,,,
"Buncis, segar",34,2.4,0.3,7.2,1.9,vegan,,,,,,,,,,,,,
"Bunga pepaya, segar",45,2.6,0.3,8.1,1.6,vegan,,,,,,,,,,,,,
"Bunga turi, segar",42,2,1.1,6.1,3.3,vegan,,,,,,,,,,,,,
"Caisin, segar",20,1.7,0.4,3.4,1.2,vegan,,,,,,,,,,,,,
"Daun bangun-bangun, segar",27,1.3,0.6,4,1,vegan,,,,,,,,,,,,,
"Daun bawang  merah, segar",41,2,0.3,7.8,2.1,vegan,,,,,,,,,,,,,
"Daun bebuas, segar",41,2.7,1,7.3,2.1,vegan,,,,,,,,,,,,,
"Daun belem, segar",50,4.4,1.4,7.8,1.9,vegan,,,,,,,,,,,,,
"Daun bluntas, segar",44,1.8,0.5,9.4,,vegan,,,,,,,,,,,,,
"Daun gandaria, segar",63,3.1,0.3,14,2.1,vegan,,,,,,,,,,,,,
"Daun gedi besar, segar",58,2.9,0.7,10,3.3,vegan,,,,,,,,,,,,,
"Daun gedi kecil, segar",61,3.2,0.7,10.4,3.4,vegan,,,,,,,,,,,,,
"Daun gelang, segar",30,1.3,0.7,5.8,1.3,vegan,,,,,,,,,,,,,
"Daun gunda bali,
segar",50,4.6,0.9,7,1.4,vegan,,,,,,,,,,,,,
"Daun gunda serang,
segar",62,4.2,0.9,9.2,1.3,vegan,,,,,,,,,,,,,
"Daun jambu mete
muda, segar",78,4.6,0.5,16.2,3,vegan,,,,,,,,,,,,,
"Daun jampang, segar",34,3.8,0.5,5.3,1.4,vegan,,,,,,,,,,,,,
"Daun jawaw seluang,
segar",93,5,1.3,15.3,3.9,vegan,,,,,,,,,,,,,
"Daun jonghe, segar",27,2.1,0.7,4.4,2,vegan,,,,,,,,,,,,,
"Daun kacang ma,
segar",36,2.9,0.6,6.8,1.8,vegan,,,,,,,,,,,,,
"Daun kacang panjang, segar",30,3.1,0.3,5.8,1.7,vegan,,,,,,,,,,,,,
"Daun kasbi/singkong karet, segar",92,4,3.6,10.9,5.8,vegan,,,,,,,,,,,,,
"Daun katuk, segar",59,6.4,1,9.9,1.5,vegan,,,,,,,,,,,,,
"Daun kecipir, segar",52,5,0.5,8.5,,vegan,,,,,,,,,,,,,
"Daun kedondong,
segar",59,3.5,0.3,13.4,10.7,vegan,,,,,,,,,,,,,
"Daun kelor, segar",92,5.1,1.6,14.3,8.2,vegan,,,,,,,,,,,,,
"Daun kemang, segar",43,5.5,0.3,7.5,8.4,vegan,,,,,,,,,,,,,
"Daun kenikir, segar",45,3.7,0.5,6.6,5.8,vegan,,,,,,,,,,,,,
"Daun kesum, segar",48,4.5,0.8,9.1,1.6,vegan,,,,,,,,,,,,,
"Daun kol sawi, segar",22,2.1,0.5,3.6,0.9,vegan,,,,,,,,,,,,,
"Daun koro, segar",23,3,0.3,3.7,,vegan,,,,,,,,,,,,,
"Daun kubis, segar",51,2.5,1.1,8,3.4,vegan,,,,,,,,,,,,,
"Daun kumak, segar",14,1.3,0.3,2.3,0.9,vegan,,,,,,,,,,,,,
"Daun labu siam, segar",34,4,0.4,4.7,3.5,vegan,,,,,,,,,,,,,
"Daun labu
waluh/kuning, segar",34,3.6,0.6,4.5,2.9,vegan,,,,,,,,,,,,,
"Daun lamtoro, segar",87,8.3,1.8,14.4,3.3,vegan,,,,,,,,,,,,,
"Daun leilem, segar",76,2.8,0.2,15.8,3.1,vegan,,,,,,,,,,,,,
"Daun leunca, segar",49,4.7,0.5,8.1,,vegan,,,,,,,,,,,,,
"Daun lobak, segar",30,2.3,0.4,5.8,3.2,vegan,,,,,,,,,,,,,
"Daun lompong talas,
segar",44,3,0.8,7.4,3.3,vegan,,,,,,,,,,,,,
"Daun mangkokan,
segar",57,3.7,0.3,11.8,,vegan,,,,,,,,,,,,,
"Daun matel ambon,
segar",71,6.8,1.6,11.5,4.6,vegan,,,,,,,,,,,,,
"Daun melinjo, segar",104,5,1.3,21.3,10.3,vegan,,,,,,,,,,,,,
"Daun mengkudu,
segar",65,4,1.7,11.4,3.9,vegan,,,,,,,,,,,,,
"Daun ndusuk, segar",166,1.7,0.5,38.8,10.7,vegan,,,,,,,,,,,,,
"Daun oyong, segar",22,1,0.1,5.3,2,vegan,,,,,,,,,,,,,
"Daun pakis, segar",39,4.5,0.4,6.9,2,vegan,,,,,,,,,,,,,
"Daun pakis longgiho,
segar",54,2.2,3.6,3.1,2.1,vegan,,,,,,,,,,,,,
"Daun pakis
wambateu, segar",53,3.4,1.2,7.2,4.8,vegan,,,,,,,,,,,,,
"Daun paku, segar",29,3.4,0.1,6.5,4.3,vegan,,,,,,,,,,,,,
"Daun pangi,segar",104,3.9,0.6,17.9,8.3,vegan,,,,,,,,,,,,,
"Daun pare, segar",49,2.7,1,8.4,3,vegan,,,,,,,,,,,,,
"Daun pepaya, segar",87,8,2,11.9,1.5,vegan,,,,,,,,,,,,,
"Daun pohpohan, segar",37,2.5,0.8,6.9,2.6,vegan,,,,,,,,,,,,,
"Daun selasih, segar",62,4,0.5,10.5,5.3,vegan,,,,,,,,,,,,,
"Daun semanggi, segar",45,4.4,0.5,8.5,1.9,vegan,,,,,,,,,,,,,
"Daun simpur, segar",53,3.2,2.5,7.6,1.6,vegan,,,,,,,,,,,,,
"Daun singkil, segar",68,2,1,15.2,3.3,vegan,,,,,,,,,,,,,
"Daun singkong, segar",50,6.2,1.1,7.1,2.4,vegan,,,,,,,,,,,,,
"Daun singkong
ambon, segar",144,12.7,1.2,25.2,10.2,vegan,,,,,,,,,,,,,
"Daun singkong
ampenan, segar",50,6.2,1.1,7.1,2.4,vegan,,,,,,,,,,,,,
"Daun singkong
kopang, segar",74,6.3,0.7,10.7,4.6,vegan,,,,,,,,,,,,,
"Daun sintrong, segar",36,2.6,0.9,6.1,1.7,vegan,,,,,,,,,,,,,
"Daun talas, segar",59,3,0.4,13.5,3,vegan,,,,,,,,,,,,,
"Daun tespong, segar",70,2.9,0.3,13.9,2.3,vegan,,,,,,,,,,,,,
"Daun ubi kuning,
segar",62,3.7,0.3,11.1,6.4,vegan,,,,,,,,,,,,,
"Daun ubi merah, segar",48,3,0.3,10.8,1.4,vegan,,,,,,,,,,,,,
"Daun ubi putih, segar",46,2.8,0.2,8.2,4.8,vegan,,,,,,,,,,,,,
"Daun ubi tinta, segar",55,1.7,0.1,11.9,7.6,vegan,,,,,,,,,,,,,
"Eceng, segar",19,1,0.2,3.8,1.8,vegan,,,,,,,,,,,,,
"Gambas (oyong), segar",19,0.8,0.2,4.1,1.3,vegan,,,,,,,,,,,,,
"Genjer, segar",35,1.7,0.2,7.7,2.5,vegan,,,,,,,,,,,,,
"Jagung muda / semi,
segar",35,2.2,0.1,7.4,1.9,vegan,,,,,,,,,,,,,
Jamur encik,296,9.4,1.1,62,,vegan,,,,,,,,,,,,,
"Jamur kuping, kering",294,16,0.9,64.6,46.5,vegan,,,,,,,,,,,,,
"Jamur kuping, segar",21,3.8,0.6,0.9,5.1,vegan,,,,,,,,,,,,,
"Jamur merang, segar",30,3.5,0.2,4,2.4,vegan,,,,,,,,,,,,,
"Jamur tiram, segar",30,1.9,0.1,5.5,3.6,vegan,,,,,,,,,,,,,
Jamur sagu,48,1.9,3.2,2.8,1,vegan,,,,,,,,,,,,,
"Jantung pisang, segar",32,1.2,0.3,7.1,3.2,vegan,,,,,,,,,,,,,
"Jengkol, segar",192,5.4,0.3,40.7,1.5,vegan,,,,,,,,,,,,,
"Jotang, segar",34,1.9,0.3,7.1,3.5,vegan,,,,,,,,,,,,,
"Kabau, segar",130,6.7,0.3,25.2,2.9,vegan,,,,,,,,,,,,,
"Kacang mekah,
polong, segar",22,1.1,1,3.4,1.1,vegan,,,,,,,,,,,,,
"Kacang panjang, segar",31,2.3,0.1,5.3,2.7,vegan,,,,,,,,,,,,,
Kacang ranti polong,37,3.1,0.2,7.9,2.5,vegan,,,,,,,,,,,,,
"Kalakai, segar",38,2.4,0.2,6.6,5.8,vegan,,,,,,,,,,,,,
"Kangkung, segar",28,3.4,0.7,3.9,2,vegan,,,,,,,,,,,,,
Kangkung tondano,43,1.8,0.2,8.4,4.3,vegan,,,,,,,,,,,,,
"Kapri muda, segar",45,3.3,0.2,9,1.8,vegan,,,,,,,,,,,,,
Karawila,25,2.3,0.2,3.5,2.1,vegan,,,,,,,,,,,,,
"Kecipir muda, segar",32,2.9,0.2,5.8,5.5,vegan,,,,,,,,,,,,,
"Kecombrang, segar",34,0.9,1,6.7,2.6,vegan,,,,,,,,,,,,,
"Kelawi,kluwih, segar",118,1.5,0.3,27.2,5,vegan,,,,,,,,,,,,,
"Kembang turi, segar",51,1.8,0.6,9.6,5,vegan,,,,,,,,,,,,,
"Kerokot, segar",26,1.7,0.4,3.8,1,vegan,,,,,,,,,,,,,
"Ketimun, segar",8,0.2,0.2,1.4,0.3,vegan,,,,,,,,,,,,,
"Ketimun krai, segar",10,0.5,0.2,2,0.6,vegan,,,,,,,,,,,,,
"Ketimun madura,
segar",9,0.5,0.1,1.9,0.7,vegan,,,,,,,,,,,,,
"Komak, segar",99,3.3,0.1,21.2,10.3,vegan,,,,,,,,,,,,,
Kool kembang,25,2.4,0.2,4.9,1.6,vegan,,,,,,,,,,,,,
"Kool merah,kool putih",29,1.4,0.2,5.3,1.9,vegan,,,,,,,,,,,,,
"Koro kerupuk, polong",128,8.3,0.7,22.1,,vegan,,,,,,,,,,,,,
"Koro wedus, polong",46,3,0.3,7.9,3.3,vegan,,,,,,,,,,,,,
"Kucai, segar",45,2.2,0.3,10.3,4.8,vegan,,,,,,,,,,,,,
"Kucai muda (Lokio),
segar",42,3.8,0.6,7.8,4.9,vegan,,,,,,,,,,,,,
Kulit melinjo,111,4.5,1.1,20.7,5,vegan,,,,,,,,,,,,,
"Kundur, segar",22,0.4,0.2,4.7,1.3,vegan,,,,,,,,,,,,,
"Labu air, segar",19,0.6,0.2,3.8,0.6,vegan,,,,,,,,,,,,,
"Labu kuning, segar",51,1.7,0.5,10,2.7,vegan,,,,,,,,,,,,,
"Labu siam, segar",30,0.6,0.1,6.7,6.2,vegan,,,,,,,,,,,,,
"Labu waluh, segar",32,1.1,0.1,6.6,0.5,vegan,,,,,,,,,,,,,
"Lantar, segar",34,2.2,0.3,5.5,2.9,vegan,,,,,,,,,,,,,
"Lobak, segar",21,0.9,0.1,4.2,1.4,vegan,,,,,,,,,,,,,
"Lumai/Leunca, segar",38,1.1,0.3,7.6,2,vegan,,,,,,,,,,,,,
"Melinjo, segar",66,5,0.7,13.3,,vegan,,,,,,,,,,,,,
Mostarda metan -sawi,33,2.3,0.5,4.7,1.8,vegan,,,,,,,,,,,,,
"Nangka muda, segar",57,2,0.4,11.3,8.3,vegan,,,,,,,,,,,,,
"Paria putih, segar",19,1,0.4,3.6,1.3,vegan,,,,,,,,,,,,,
"Pepare ular, segar",19,0.6,0.1,3.9,1,vegan,,,,,,,,,,,,,
"Pepaya muda, segar",29,2.1,0.1,4.9,2.1,vegan,,,,,,,,,,,,,
"Petai, segar",92,5.4,1.1,15.2,2,vegan,,,,,,,,,,,,,
"Peterseli, segar",53,3.7,1,9,0,vegan,,,,,,,,,,,,,
"Pucuk lumai/daun leunca, segar",33,4.5,0.4,2.8,,vegan,,,,,,,,,,,,,
"Putri malu, segar",76,3.6,0.3,14.6,7.1,vegan,,,,,,,,,,,,,
"Rebung, segar",25,0.8,0.1,5.3,9.7,vegan,,,,,,,,,,,,,
"Rimbang, segar",75,1.6,0.6,15.8,10,vegan,,,,,,,,,,,,,
Rumput laut,41,1.4,0.3,8.1,2.2,vegan,,,,,,,,,,,,,
"Sawi, segar",28,2.3,0.3,4,2.5,vegan,,,,,,,,,,,,,
"Sawi putih / pecai,
segar",9,1,0.1,1.7,0.8,vegan,,,,,,,,,,,,,
"Sawi taiwan, segar",30,1.9,0.5,4.4,2.7,vegan,,,,,,,,,,,,,
"Sawi tanah, segar",19,1.3,0.2,2.9,2.2,vegan,,,,,,,,,,,,,
"Selada, segar",18,1.2,0.2,2.9,1.8,vegan,,,,,,,,,,,,,
"Selada air, segar",17,3.1,0.2,2.2,0.7,vegan,,,,,,,,,,,,,
"Seledri, segar",23,1,0.1,4.6,2,vegan,,,,,,,,,,,,,
"Taoge, segar",34,3.7,1.2,4.3,1.1,vegan,,,,,,,,,,,,,
"Taoge kacang kedelai,
segar",76,9,2.6,6.4,0.7,vegan,,,,,,,,,,,,,
"Taoge kacang
tunggak, segar",40,5,0.2,5.8,2.6,vegan,,,,,,,,,,,,,
"Tebu terubuk (lilin),
segar",30,4.6,0.4,3,0.8,vegan,,,,,,,,,,,,,
"Tekokak, segar",34,2,0.1,7.9,4.9,vegan,,,,,,,,,,,,,
"Tekokak, kering",302,8.3,1.7,72.6,21.2,vegan,,,,,,,,,,,,,
"Terong, segar",28,1.1,0.2,5.5,2.1,vegan,,,,,,,,,,,,,
"Terong asam, segar",37,2,0.4,6.3,3.2,vegan,,,,,,,,,,,,,
"Terung belanda, segar",52,2.1,1.1,8.6,1.4,vegan,,,,,,,,,,,,,
"Terung bengkulu,
segar",52,1.1,0.4,11.2,3.2,vegan,,,,,,,,,,,,,
"Terong hintalo, segar",45,1.9,0.8,7.5,5.1,vegan,,,,,,,,,,,,,
Terung panjang,25,2.1,0.1,5.3,0.5,vegan,,,,,,,,,,,,,
"Tomat, air (sari), segar",20,1,0.2,3.5,0.4,vegan,,,,,,,,,,,,,
"Tomat merah, segar",24,1.3,0.5,4.7,1.5,vegan,,,,,,,,,,,,,
"Tomat muda, segar",24,2,0.7,3.3,1.8,vegan,,,,,,,,,,,,,
"Uceng/ bunga melinjo, segar",82,5.8,1.3,11.7,4.8,vegan,,,,,,,,,,,,,
"Umbut kelapa, segar",39,2,0.2,7.2,2.5,vegan,,,,,,,,,,,,,
Umbut rotan,34,2.4,0.3,5.5,2.2,vegan,,,,,,,,,,,,,
"Wortel, segar",36,1,0.6,7.9,1,vegan,,,,,,,,,,,,,
"Bayam, kukus",30,1.3,0.7,5.8,1.2,vegan,,,,,,,,,,,,,
"Bayam ,rebus",23,1.2,0.6,3.7,1.1,vegan,,,,,,,,,,,,,
"Buncis, rebus",30,2.2,0.2,6.4,1.5,vegan,,,,,,,,,,,,,
"Daun kacang panjang,
kukus",40,3.7,0.3,8,1.8,vegan,,,,,,,,,,,,,
"Daun katuk, rebus",53,5.3,0.9,9.1,1.2,vegan,,,,,,,,,,,,,
"Daun kelor, rebus",61,6.1,0.9,10,0.9,vegan,,,,,,,,,,,,,
"Daun mengkudu,
kukus",63,3.8,1.5,11.5,2.4,vegan,,,,,,,,,,,,,
"Daun singkong, rebus",31,3.7,0.6,4.8,1.6,vegan,,,,,,,,,,,,,
"Daun talas, rebus",27,1.3,0.2,5.9,1.6,vegan,,,,,,,,,,,,,
"Daun ubi merah,
kukus",56,3.1,0.3,13,1.5,vegan,,,,,,,,,,,,,
"Kacang panjang
,kukus",39,3,0.6,7.6,1.7,vegan,,,,,,,,,,,,,
"Kacang panjang, rebus",30,2.3,0.4,5.8,1.4,vegan,,,,,,,,,,,,,
"Kangkung, kukus",30,3.2,0.7,4.7,1.8,vegan,,,,,,,,,,,,,
"Kangkung, rebus",22,2.5,0.6,3.1,1.2,vegan,,,,,,,,,,,,,
"Paria putih, kukus",16,0.8,0.2,3.4,1.2,vegan,,,,,,,,,,,,,
"Selada, rebus",19,2.7,0.2,2.9,0.7,vegan,,,,,,,,,,,,,
"Taoge, goreng",88,3.2,2.1,14,0.7,vegan,,,,,,,,,,,,,
"Taoge, seduh",28,3,0.8,4,1,vegan,,,,,,,,,,,,,
"Terung panjang,
kukus",23,1.8,0.1,4.9,0.4,vegan,,,,,,,,,,,,,
"Wortel, rebus",28,0.7,0.5,6.3,0.8,vegan,,,,,,,,,,,,,
"Wortel, kukus",37,1,0.6,8.3,1.1,vegan,,,,,,,,,,,,,
"Asinan Bogor, sayuran",98,3.9,2.6,14.8,0.5,vegan,,,,,,,,,,,,,
"Anyang, sayur",126,3.4,7.9,10.3,5.4,vegan,,,,,,,,,,,,,
"Ares, sayur",113,0.9,7.2,11.2,4.7,vegan,,,,,,,,,,,,,
Arwan sirsir,277,2.4,25,10.7,4.6,vegan,,,,,,,,,,,,,
Beberuk,65,1.1,5.2,3.5,3.1,vegan,,,,,,,,,,,,,
Botok lamtoro,186,11.7,9.7,13,2.1,vegan,,,,,,,,,,,,,
Buntil daun talas,141,4.4,10.2,8,1.8,vegan,,,,,,,,,,,,,
Cammetutu,102,3.2,6,8.7,4.3,vegan,,,,,,,,,,,,,
"Cap cai, sayur",97,5.8,6.3,4.2,0.6,vegan,,,,,,,,,,,,,
Gado-gado,137,6.1,3.2,21,1.1,vegan,,,,,,,,,,,,,
"Gudeg, sayur",160,3.3,9.2,16,2.3,vegan,,,,,,,,,,,,,
Gulai pakis,143,4,11.4,6,1.4,vegan,,,,,,,,,,,,,
Gulai pliek,176,7.3,14.9,3.2,,vegan,,,,,,,,,,,,,
Kadada katembe,110,4.5,6.9,7.1,3.9,vegan,,,,,,,,,,,,,
"Kaparende, sayur",38,2.4,2,2.6,1.5,vegan,,,,,,,,,,,,,
"Karedok, sayur",92,2.2,3.3,14.1,1.4,vegan,,,,,,,,,,,,,
Keripik bayam,586,4.9,40.6,50.2,0.5,vegan,,,,,,,,,,,,,
Kotiu hinela tawang nggole,46,2.2,1.5,6,3.8,vegan,,,,,,,,,,,,,
Lema/ Rebung asam,15,1,0.4,1.9,,vegan,,,,,,,,,,,,,
Lilin bungkus gedi,79,2.3,5.2,5.8,2.5,vegan,,,,,,,,,,,,,
Olah-olah,9,2.1,6,7.1,4.4,vegan,,,,,,,,,,,,,
"Paku hinela
wulelenggapaya",77,3.5,4.6,5.4,3.6,vegan,,,,,,,,,,,,,
Pelecing kangkung,75,2.5,2.8,10,5.4,vegan,,,,,,,,,,,,,
Purundawa,25,1.5,0.5,3.6,1.7,vegan,,,,,,,,,,,,,
Rujak cingur,153,11.3,8.4,8,1.4,vegan,,,,,,,,,,,,,
Sayur asem,29,0.7,0.6,5,0.6,vegan,,,,,,,,,,,,,
Sayur bunga pepaya,49,1.7,0.3,9.8,2.7,vegan,,,,,,,,,,,,,
Sayur garu,178,2.6,13.9,10.6,8.4,vegan,,,,,,,,,,,,,
Sayur kohu-kohu,133,7.3,6.6,11.2,1.2,vegan,,,,,,,,,,,,,
Sayur lilin-terubuk,36,2.7,0.7,4.8,1.4,vegan,,,,,,,,,,,,,
Sayur ndusuk,49,3.1,2.5,3.6,,vegan,,,,,,,,,,,,,
Sayur sop,27,1.3,2,1,0.3,vegan,,,,,,,,,,,,,
Sayur umbut kelapa,67,5.2,2.9,5.1,1.4,vegan,,,,,,,,,,,,,
Sayur umbut rotan,57,5.4,2.6,3.1,1.6,vegan,,,,,,,,,,,,,
Shabu-shabu,88,3.2,8,0.8,0.9,vegan,,,,,,,,,,,,,
Semur jengkol,212,6,10,29.1,,vegan,,,,,,,,,,,,,
"Tinira ninahu
nggaluku",33,1.2,1.3,4.1,3.1,vegan,,,,,,,,,,,,,
Tumis bayam bersantan,48,1.4,4.2,2.6,0.5,vegan,,,,,,,,,,,,,
Waluh balamak,45,0.8,0.9,8.1,7.9,vegan,,,,,,,,,,,,,
Woku ubi,143,3.1,7.8,15,7,vegan,,,,,,,,,,,,,
"Alpukat, segar",85,0.9,6.5,7.7,,vegan,,,,,,,,,,,,,
"Anggur hutan, segar",30,0.5,0.2,6.8,1.2,vegan,,,,,,,,,,,,,
"Apel malang, segar",57,0.5,0.4,12.8,0.8,vegan,,,,,,,,,,,,,
"Apel, segar",58,0.3,0.4,14.9,2.6,vegan,,,,,,,,,,,,,
"Arbai, segar",37,0.8,0.5,8.3,,vegan,,,,,,,,,,,,,
"Belimbing, segar",36,0.4,0.4,8.8,3.2,vegan,,,,,,,,,,,,,
"Biwah, segar",51,0.3,0.1,12.1,0.7,vegan,,,,,,,,,,,,,
"Buah atung, segar",23,0.8,0.2,5.2,,vegan,,,,,,,,,,,,,
"Buah kelenting, segar",110,1.4,2.1,21.4,,vegan,,,,,,,,,,,,,
"Buah kom, segar",264,4.0,1.1,59.6,9.0,vegan,,,,,,,,,,,,,
"Buah mentega
(Bisbul), segar",39,0.7,0.2,9.7,2.0,vegan,,,,,,,,,,,,,
"Buah Naga Merah,
segar",71,1.7,3.1,9.1,3.2,vegan,,,,,,,,,,,,,
"Buah Naga Putih,
segar",56,0.8,1.0,10.9,3.2,vegan,,,,,,,,,,,,,
"Buah negri, segar",55,1.2,0.1,12.2,5.2,vegan,,,,,,,,,,,,,
"Buah nona, segar",101,1.7,0.6,25.2,2.8,vegan,,,,,,,,,,,,,
"Buah rotan, segar",78,0.6,0.3,18.2,,vegan,,,,,,,,,,,,,
"Buah rukam, segar",113,0.8,0.3,26.8,7.7,vegan,,,,,,,,,,,,,
"Buah ruruhi, segar",29,2.1,0.7,3.6,2.6,vegan,,,,,,,,,,,,,
"Buah tuppa, segar",67,0.4,0.2,15.9,,vegan,,,,,,,,,,,,,
"Carica papaya, segar",24,1.9,0.2,3.7,1.0,vegan,,,,,,,,,,,,,
"Cempedak, segar",116,3.0,0.4,28.6,3.4,vegan,,,,,,,,,,,,,
"Duku, segar",63,1.0,0.2,16.1,4.3,vegan,,,,,,,,,,,,,
"Durian, segar",134,2.5,3.0,28.0,3.5,vegan,,,,,,,,,,,,,
"Duwet, segar",80,0.5,0.6,18.2,0.9,vegan,,,,,,,,,,,,,
"Embacang, segar",98,1.4,0.2,25.4,1.9,vegan,,,,,,,,,,,,,
"Encung asam, segar",122,3.5,4.5,17.5,9.3,vegan,,,,,,,,,,,,,
"Erbis, segar",70,0.6,0.0,18.9,7.7,vegan,,,,,,,,,,,,,
Gandaria masak,68,0.7,0.1,18.0,2.2,vegan,,,,,,,,,,,,,
"Gatep, segar",191,4.5,1.5,39.7,13.4,vegan,,,,,,,,,,,,,
"Jambu air, segar",46,0.6,0.2,11.8,2.1,vegan,,,,,,,,,,,,,
Jambu biji,49,0.9,0.3,12.2,2.4,vegan,,,,,,,,,,,,,
"Jambu bj putih tdk
brbj",61,0.9,0.3,15.4,4.5,vegan,,,,,,,,,,,,,
"Jambu bol, segar",49,2.3,0.2,9.6,3.5,vegan,,,,,,,,,,,,,
"Jambu monyet, segar",64,0.7,0.6,15.8,1.2,vegan,,,,,,,,,,,,,
"Jeruk bali, segar",48,0.6,0.2,12.4,0.8,vegan,,,,,,,,,,,,,
"Jeruk banjar, segar",61,0.8,0.2,14.1,5.4,vegan,,,,,,,,,,,,,
Jeruk garut-keprok,44,0.8,0.3,10.9,1.6,vegan,,,,,,,,,,,,,
"Jeruk Kalamansi, segar",39,0.3,0.3,8.9,2.3,vegan,,,,,,,,,,,,,
"Jeruk manis, segar",45,0.9,0.2,11.2,1.4,vegan,,,,,,,,,,,,,
"Jeruk nipis, segar",44,0.5,0.2,10.0,0.4,vegan,,,,,,,,,,,,,
"Jeruk ragi, segar",49,0.7,0.2,11.1,0.5,vegan,,,,,,,,,,,,,
"Kawista, segar",120,3.5,2.5,20.8,4.6,vegan,,,,,,,,,,,,,
"Kedondong masak,
segar",46,1.0,0.1,10.3,2.6,vegan,,,,,,,,,,,,,
"Kedondong, segar",47,0.5,0.2,10.4,2.7,vegan,,,,,,,,,,,,,
"Kelapa hutan, kering",623,2.0,"52.
1",36.5,15.3,vegan,,,,,,,,,,,,,
"Kelapa muda, daging,
segar",68,1.0,0.9,14.0,0.0,vegan,,,,,,,,,,,,,
"Kemang, segar",48,1.0,0.2,11.9,1.7,vegan,,,,,,,,,,,,,
"Kesemek, segar",78,0.8,0.4,20.0,0.6,vegan,,,,,,,,,,,,,
"Kokosan, segar",86,1.6,0.2,13.0,1.4,vegan,,,,,,,,,,,,,
"Kranji, segar",315,2.1,1.4,73.5,3.6,vegan,,,,,,,,,,,,,
"Langsat, segar",56,0.9,0.2,14.3,1.4,vegan,,,,,,,,,,,,,
"Lemon, segar",34,0.5,0.8,6.2,0.1,vegan,,,,,,,,,,,,,
"Lontar, segar",27,0.4,0.2,6.0,1.6,vegan,,,,,,,,,,,,,
"Mangga, segar",52,0.7,0.0,12.3,1.6,vegan,,,,,,,,,,,,,
"Mangga benggala,
segar",63,2.4,0.4,12.4,5.8,vegan,,,,,,,,,,,,,
"Mangga gedung, segar",44,0.7,0.2,11.2,1.6,vegan,,,,,,,,,,,,,
"Mangga golek, segar",63,0.5,0.2,16.7,2.3,vegan,,,,,,,,,,,,,
"Mangga harumanis,
segar",46,0.4,0.2,11.9,1.7,vegan,,,,,,,,,,,,,
"Mangga indramayu,
segar",72,0.8,0.2,18.7,2.5,vegan,,,,,,,,,,,,,
"Mangga kopek, segar",56,0.4,0.2,14.6,2.0,vegan,,,,,,,,,,,,,
"Mangga kwini, segar",86,0.7,0.5,19.8,6.5,vegan,,,,,,,,,,,,,
"Mangga manalagi,
segar",133,1.0,0.1,32.1,11.8,vegan,,,,,,,,,,,,,
"Mangga muda, segar",59,0.5,0.4,15.1,,vegan,,,,,,,,,,,,,
"Manggis, segar",63,0.6,0.6,15.6,1.5,vegan,,,,,,,,,,,,,
"Markisa, segar",144,3.5,1.2,29.8,11.4,vegan,,,,,,,,,,,,,
"Matoa, segar",90,1.2,0.1,21.1,0.5,vegan,,,,,,,,,,,,,
"Melon, segar",37,0.6,0.4,7.8,1.0,vegan,,,,,,,,,,,,,
"Menteng, segar",65,1.7,0.3,16.1,,vegan,,,,,,,,,,,,,
"Nanas palembang,
segar",58,0.7,0.2,13.3,1.6,vegan,,,,,,,,,,,,,
"Nanas, segar",40,0.6,0.3,9.9,0.6,vegan,,,,,,,,,,,,,
"Nangka masak pohon,
segar",106,1.2,0.3,27.6,3.7,vegan,,,,,,,,,,,,,
"Pala, daging, segar",42,0.3,0.2,10.9,0.5,vegan,,,,,,,,,,,,,
"Pepaya, segar",46,0.5,12.0,12.2,1.6,vegan,,,,,,,,,,,,,
"Pisang ambon, segar",108,1.0,0.8,24.3,1.9,vegan,,,,,,,,,,,,,
"Pisang angleng (pisang
ampyang), segar",68,1.3,0.2,17.2,0.8,vegan,,,,,,,,,,,,,
"Pisang ayam, segar",120,1.1,0.2,26.8,4.1,vegan,,,,,,,,,,,,,
"Pisang gapi, segar",131,1.6,0.1,31.1,11.7,vegan,,,,,,,,,,,,,
"Pisang goroho, segar",119,1.5,0.2,27.9,4.6,vegan,,,,,,,,,,,,,
"Pisang hijau, segar",121,1.0,0.1,28.9,0.4,vegan,,,,,,,,,,,,,
"Pisang kayu, segar",100,1.4,0.5,23.6,2.6,vegan,,,,,,,,,,,,,
"Pisang kepok, segar",109,0.8,0.5,26.3,5.7,vegan,,,,,,,,,,,,,
"Pisang ketip, segar",145,1.1,0.3,34.5,6.6,vegan,,,,,,,,,,,,,
"Pisang kidang, segar",96,1.0,0.2,22.5,0.6,vegan,,,,,,,,,,,,,
"Pisang lampung, segar",99,1.3,0.2,25.6,4.3,vegan,,,,,,,,,,,,,
"Pisang mas bali
ampenan, segar",92,1.4,0.2,21.0,3.7,vegan,,,,,,,,,,,,,
"Pisang mas bali
kopang, segar",127,1.4,0.2,31.8,3.7,vegan,,,,,,,,,,,,,
"Pisang mas, segar",127,1.4,0.2,33.6,1.4,vegan,,,,,,,,,,,,,
"Pisang raja sereh, segar",108,1.3,0.3,28.2,0.7,vegan,,,,,,,,,,,,,
"Pisang raja, segar",120,1.2,0.2,31.8,5.3,vegan,,,,,,,,,,,,,
"Pisang rotan, segar",98,1.3,1.2,20.5,1.0,vegan,,,,,,,,,,,,,
"Pisang talas, segar",113,1.2,0.2,26.7,4.4,vegan,,,,,,,,,,,,,
Pisang tujuh bulan,94,0.6,0.2,22.5,3.7,vegan,,,,,,,,,,,,,
"Pisang ua, segar",128,0.8,0.5,30.2,8.1,vegan,,,,,,,,,,,,,
"Pisang uli, segar",134,1.1,0.5,35.5,1.4,vegan,,,,,,,,,,,,,
"Purut, segar",76,4.1,1.1,15.2,1.7,vegan,,,,,,,,,,,,,
"Rambutan binjai,
segar",76,0.5,0.2,18.0,3.8,vegan,,,,,,,,,,,,,
"Rambutan, segar",69,0.9,0.1,18.1,0.8,vegan,,,,,,,,,,,,,
"Salak bali, segar",57,0.5,0.1,13.6,1.3,vegan,,,,,,,,,,,,,
"Salak medan, segar",55,0.4,0.2,12.8,3.2,vegan,,,,,,,,,,,,,
"Salak pondoh, segar",87,0.8,0.4,20.1,0.0,vegan,,,,,,,,,,,,,
"Salak, segar",77,0.4,,20.9,,vegan,,,,,,,,,,,,,
"Sawo duren, segar",64,1.0,3.1,8.0,0.8,vegan,,,,,,,,,,,,,
"Sawo kecik, segar",111,0.9,2.3,21.6,1.0,vegan,,,,,,,,,,,,,
"Sawo Manila, segar",92,0.5,1.1,22.4,9.5,vegan,,,,,,,,,,,,,
"Semangka, segar",28,0.5,0.2,6.9,0.4,vegan,,,,,,,,,,,,,
"Sirsak, segar",65,1.0,0.3,16.3,3.2,vegan,,,,,,,,,,,,,
"Sowa, segar",48,1.6,0.6,9.1,45.0,vegan,,,,,,,,,,,,,
"Srikaya, segar",63,1.1,0.5,13.9,2.1,vegan,,,,,,,,,,,,,
"Sukun muda, segar",119,1.4,0.2,28.1,1.4,vegan,,,,,,,,,,,,,
"Sukun tua, segar",126,1.6,0.2,24.5,1.5,vegan,,,,,,,,,,,,,
"Vigus, segar",44,2.4,0.1,8.3,,vegan,,,,,,,,,,,,,
"Wani, segar",74,0.8,0.3,17.1,3.1,vegan,,,,,,,,,,,,,
Barongko,159,3.1,5.8,23.5,,vegan,,,,,,,,,,,,,
Dodol nanas,338,1.5,1.2,80.3,,vegan,,,,,,,,,,,,,
Getuk pisang,144,1.1,0.4,34.1,0.4,vegan,,,,,,,,,,,,,
Keripik lampung,485,1.7,"22.
2",69.7,0.6,vegan,,,,,,,,,,,,,
Ledre pisang,405,4.8,5.1,84.9,0.4,vegan,,,,,,,,,,,,,
Lempog durian,320,3.5,5.7,63.7,4.9,vegan,,,,,,,,,,,,,
Loka anjoro,163,1.1,4.3,30.0,,vegan,,,,,,,,,,,,,
Rica-rica taipa,49,1.6,0.3,10.0,,vegan,,,,,,,,,,,,,
Rujak aceh,82,0.4,0.3,19.7,2.4,vegan,,,,,,,,,,,,,
Sale kesemek,296,1.1,0.6,71.4,,vegan,,,,,,,,,,,,,
Sale pisang siam,281,2.4,0.7,66.1,1.0,vegan,,,,,,,,,,,,,
"Sale pisang, cilacap",295,2.3,2.1,66.9,1.3,vegan,,,,,,,,,,,,,
Sanggara belanda,242,6.4,7.1,38.2,,vegan,,,,,,,,,,,,,
Tepung Pisang,338,2.9,0.4,80.6,5.3,vegan,,,,,,,,,,,,,
Tepung Sukun,353,2.9,0.5,84.4,3.7,vegan,,,,,,,,,,,,,
"Anak sapi, daging, gemuk, segar",184,18.8,14.0,0.0,0.0,non-vegan,,,,,,,,,,,,,
"Anak sapi, daging, kurus, segar",174,19.6,10.0,0.0,0.0,non-vegan,,,,,,,,,,,,,
"Anak sapi, daging, sedang, segar",190,19.1,12.0,0.0,0.0,non-vegan,,,,,,,,,,,,,
"Angsa, daging, segar",349,16.4,31.5,0.0,0.0,non-vegan,,,,,,,,,,,,,
"Ayam, daging, segar",298,18.2,25.0,0.0,0.0,non-vegan,,,,,,,,,,,,,
"Ayam, dideh/darah,
segar",75,13.8,1.9,0.7,0.0,non-vegan,,,,,,,,,,,,,
"Ayam, hati, segar",261,27.4,16.1,1.6,0.0,non-vegan,,,,,,,,,,,,,
"Babi, daging,
gemuk,segar",453,11.9,45.0,0.0,0.0,non-vegan,,,,,,,,,,,,,
"Babi, daging, kurus,
segar",371,14.1,35.0,0.0,0.0,non-vegan,,,,,,,,,,,,,
"Babi, ginjal, segar",110,16.3,4.6,0.8,0.0,non-vegan,,,,,,,,,,,,,
"Babi, hati, segar",129,19.7,4.8,1.7,0.0,non-vegan,,,,,,,,,,,,,
"Bebek (itik), daging,
segar",321,16.0,28.6,0.0,0.0,non-vegan,,,,,,,,,,,,,
"Bebek alabio, daging,
segar",303,11.3,27.0,3.7,0.0,non-vegan,,,,,,,,,,,,,
"Belibis, daging, segar",131,20.2,4.3,2.8,0.0,non-vegan,,,,,,,,,,,,,
"Burung, sarang, segar",281,37.5,0.3,32.1,,non-vegan,,,,,,,,,,,,,
"Domba, daging,
gemuk, segar",317,15.7,27.7,0.0,0.0,non-vegan,,,,,,,,,,,,,
"Domba, daging, kurus,
segar",202,17.1,14.8,0.0,0.0,non-vegan,,,,,,,,,,,,,
"Domba, ginjal, segar",100,16.6,3.3,1.0,0.0,non-vegan,,,,,,,,,,,,,
"Kambing, daging,
segar",149,16.6,9.2,0.0,0.0,non-vegan,,,,,,,,,,,,,
"Kelinci, daging, segar",142,16.9,7.8,0.0,0.0,non-vegan,,,,,,,,,,,,,
"Kerbau, daging, segar",79,18.7,0.5,0.0,0.0,non-vegan,,,,,,,,,,,,,
"Kuda, daging, segar",113,18.1,4.1,0.9,0.0,non-vegan,,,,,,,,,,,,,
"Sapi, babat, segar",108,17.6,4.2,0.0,0.0,non-vegan,,,,,,,,,,,,,
"Sapi, daging, gemuk,
segar",273,17.5,22.0,0.0,0.0,non-vegan,,,,,,,,,,,,,
"Sapi, daging, kurus,
segar",174,19.6,10.0,0.0,0.0,non-vegan,,,,,,,,,,,,,
"Sapi, daging, lemak
sedang, segar",201,18.8,14.0,0.0,0.0,non-vegan,,,,,,,,,,,,,
"Sapi, daleman, segar",183,12.0,14.4,1.4,0.0,non-vegan,,,,,,,,,,,,,
"Sapi, dideh/darah",98,21.9,1.1,0.0,0.0,non-vegan,,,,,,,,,,,,,
"Sapi, ginjal, segar",137,15.0,8.1,0.9,0.0,non-vegan,,,,,,,,,,,,,
"Sapi, keleponan, segar",84,10.5,4.6,0.2,0.0,non-vegan,,,,,,,,,,,,,
"Sapi, liver, segar",132,19.7,3.2,6.0,0.0,non-vegan,,,,,,,,,,,,,
"Sapi, otak, segar",123,10.4,8.6,0.8,0.0,non-vegan,,,,,,,,,,,,,
"Sapi, usus, segar",126,14.0,7.2,1.5,0.0,non-vegan,,,,,,,,,,,,,
Ulat sagu segar,241,5.8,21.6,5.8,2.8,non-vegan,,,,,,,,,,,,,
"Ayam, ampela, goreng",270,32.3,11.2,9.9,0.0,non-vegan,,,,,,,,,,,,,
"Ayam, usus, goreng",473,45.2,26.3,13.9,0.0,non-vegan,,,,,,,,,,,,,
"Bebek, daging, goreng",300,24.0,20.7,4.5,0.0,non-vegan,,,,,,,,,,,,,
"Buaya, daging,
dendeng, mentah",365,49.6,4.8,30.8,,non-vegan,,,,,,,,,,,,,
Ham,384,16.9,35.0,0.3,0.0,non-vegan,,,,,,,,,,,,,
"Itik alabio, daging,
dendeng, mentah",496,30.3,33.5,18.4,,non-vegan,,,,,,,,,,,,,
Kerupuk urat,588,53.7,40.9,1.2,,non-vegan,,,,,,,,,,,,,
"Menjangan, daging,
dendeng, mentah",322,55.8,2.0,22.7,,non-vegan,,,,,,,,,,,,,
"Punai, daging, goreng",224,26.2,11.3,4.4,,non-vegan,,,,,,,,,,,,,
"Rusa, daging,
dendeng, mentah",536,40.5,41.5,0.0,,non-vegan,,,,,,,,,,,,,
"Sapi, abon",212,18.0,10.6,59.3,7.5,non-vegan,,,,,,,,,,,,,
"Sapi, abon, asli",358,14.6,16.1,38.6,2.5,non-vegan,,,,,,,,,,,,,
"Sapi, daging, asap",182,32.0,6.0,0.0,0.0,non-vegan,,,,,,,,,,,,,
"Sapi, daging, dendeng,
mentah",301,55.0,9.0,0.0,,non-vegan,,,,,,,,,,,,,
"Sapi, daging, kornet",289,16.0,25.0,0.0,0.0,non-vegan,,,,,,,,,,,,,
"Sapi, daging, sosis
(Worst)",448,14.5,42.3,2.3,,non-vegan,,,,,,,,,,,,,
"Sapi, hati, sosis
(liverworst)",274,16.0,22.0,3.0,2.3,non-vegan,,,,,,,,,,,,,
"Sapi, paru, dendeng,
mentah",360,57.3,6.0,19.2,,non-vegan,,,,,,,,,,,,,
"Sapi, paru, goreng",268,23.9,12.7,14.5,,non-vegan,,,,,,,,,,,,,
"Ulat sagu, panggang",380,11.9,30.3,14.9,4.8,non-vegan,,,,,,,,,,,,,
"Ayam goreng church
texas, dada",338,35.2,20.6,0.4,0.0,non-vegan,,,,,,,,,,,,,
"Ayam goreng
church,texas paha",287,31.0,15.7,1.7,0.0,non-vegan,,,,,,,,,,,,,
"Ayam goreng church
texas, sayap",295,34.0,16.0,1.5,0.0,non-vegan,,,,,,,,,,,,,
"Ayam goreng kalasan,
paha",275,37.4,12.2,1.3,0.0,non-vegan,,,,,,,,,,,,,
"Ayam goreng
kentucky, dada",298,34.2,16.8,0.1,0.0,non-vegan,,,,,,,,,,,,,
"Ayam goreng Kentucky, paha",286,32.1,16.1,1.1,0.0,non-vegan,,,,,,,,,,,,,
"Ayam  goreng Kentucky,sayap",297,35.9,15.2,1.6,0.0,non-vegan,,,,,,,,,,,,,
Ayam goreng mbok berek dada,295,39.2,13.6,1.0,0.0,non-vegan,,,,,,,,,,,,,
"Ayam goreng pasundan, dada",246,37.9,9.0,0.7,0.0,non-vegan,,,,,,,,,,,,,
"Ayam goreng pasundan, paha",245,33.1,11.4,0.3,0.0,non-vegan,,,,,,,,,,,,,
"Ayam goreng pioneer,
dada",295,37.4,14.7,0.6,0.0,non-vegan,,,,,,,,,,,,,
"Ayam goreng
sukabumi, dada",244,36.7,9.2,1.0,0.0,non-vegan,,,,,,,,,,,,,
"Ayam goreng
sukabumi, paha",283,35.7,14.3,0.5,0.0,non-vegan,,,,,,,,,,,,,
"Ayam taliwang,
masakan",264,18.2,20.1,2.7,,non-vegan,,,,,,,,,,,,,
"Babi hutan masak rica,
masakan",491,24.6,16.3,0.2,,non-vegan,,,,,,,,,,,,,
Beef burger,258,10.6,9.5,32.5,0.4,non-vegan,,,,,,,,,,,,,
"Beef teriyaki, masakan",151,8.6,3.1,22.3,0.3,non-vegan,,,,,,,,,,,,,
"Beef yakiniku, masakan",132,9.8,1.1,20.7,0.3,non-vegan,,,,,,,,,,,,,
Brongkos,141,15.3,3.3,12.6,1.0,non-vegan,,,,,,,,,,,,,
"Bulgogi, masakan",72,11.4,4.9,1.4,1.7,non-vegan,,,,,,,,,,,,,
"Chicken teriyaki,
masakan",168,13.0,9.6,7.5,0.8,non-vegan,,,,,,,,,,,,,
"Chikiniku, masakan",143,9.8,1.4,22.8,0.4,non-vegan,,,,,,,,,,,,,
"Coto mangkasara, kuda, masakan",96,6.8,5.9,3.8,,non-vegan,,,,,,,,,,,,,
"Coto mangkasara,
sapi, masakan",84,6.0,6.0,1.4,,non-vegan,,,,,,,,,,,,,
"Djibokum, masakan",248,10.0,2.3,40.9,0.1,non-vegan,,,,,,,,,,,,,
"Empal (daging) Goreng, masakan",248,36.2,6.9,10.1,,non-vegan,,,,,,,,,,,,,
Gulai kambing,126,4.2,9.4,6.2,,non-vegan,,,,,,,,,,,,,
"Jangang bintatoeng,
masakan",107,5.3,2.2,16.5,,non-vegan,,,,,,,,,,,,,
"Kalio ayam, masakan",203,16.0,13.5,4.4,,non-vegan,,,,,,,,,,,,,
"Kalio jeroan, masakan",163,16.5,9.0,4.1,,non-vegan,,,,,,,,,,,,,
"Kalio kikil (tunjang),
masakan",122,13.8,5.7,3.9,,non-vegan,,,,,,,,,,,,,
"Kalio otak, masakan",157,8.1,8.8,11.4,,non-vegan,,,,,,,,,,,,,
"Lawar babi, masakan",174,17.0,10.0,3.0,0.0,non-vegan,,,,,,,,,,,,,
"Lawar penyu, masakan",141,23.0,1.5,7.6,0.0,non-vegan,,,,,,,,,,,,,
"Lawara jangang, masakan",159,5.0,10.9,10.1,,non-vegan,,,,,,,,,,,,,
"Naan maran sapi, masakan",478,38.3,33.9,5.1,,non-vegan,,,,,,,,,,,,,
"Nasu likku, masakan",196,14.5,8.3,15.9,,non-vegan,,,,,,,,,,,,,
"Oramu ninahu ndawa
olaho, masakan",117,13.7,5.0,4.3,,non-vegan,,,,,,,,,,,,,
"Paniki masak santan,
masakan",460,28.5,35.2,7.2,,non-vegan,,,,,,,,,,,,,
"Pelolah manuk,
masakan",219,19.7,13.6,4.4,,non-vegan,,,,,,,,,,,,,
"Rawon, masakan",60,5.4,2.5,4.0,,non-vegan,,,,,,,,,,,,,
"Rendang sapi,
masakan",193,22.6,7.9,7.8,0.0,non-vegan,,,,,,,,,,,,,
"RW, anjing, masakan",198,24.6,10.7,0.9,,non-vegan,,,,,,,,,,,,,
"Sate, penyu, masakan",179,22.5,3.5,13.3,0.0,non-vegan,,,,,,,,,,,,,
"Sate pusut, masakan",274,12.9,18.6,13.6,,non-vegan,,,,,,,,,,,,,
"Penyu, serapah,
masakan",174,13.1,12.2,2.2,0.0,non-vegan,,,,,,,,,,,,,
"Sie reuboh, masakan",474,11.2,42.5,11.7,,non-vegan,,,,,,,,,,,,,
"Sop buntut, masakan",71,7.5,3.6,2.2,,non-vegan,,,,,,,,,,,,,
"Sop daging sapi, masakan",49,5.8,0.5,5.3,,non-vegan,,,,,,,,,,,,,
"Sop kaki sapi, masakan",68,9.0,1.9,3.7,,non-vegan,,,,,,,,,,,,,
"Sop kambing,
masakan",34,5.5,0.8,1.1,,non-vegan,,,,,,,,,,,,,
"Sop konro, masakan",71,7.4,2.6,4.5,,non-vegan,,,,,,,,,,,,,
"Sop saudara, masakan",89,7.2,5.0,3.9,,non-vegan,,,,,,,,,,,,,
"Soto bandung,
masakan",42,3.9,1.7,2.8,0.4,non-vegan,,,,,,,,,,,,,
"Soto banjar, masakan",110,2.9,9.5,3.2,,non-vegan,,,,,,,,,,,,,
"Soto betawi, masakan",135,2.5,8.8,11.5,0.5,non-vegan,,,,,,,,,,,,,
"Soto jeroan, masakan",92,11.8,4.3,1.4,,non-vegan,,,,,,,,,,,,,
"Soto kudus, masakan",38,2.6,2.3,1.8,0.2,non-vegan,,,,,,,,,,,,,
"Soto madura,
masakan",60,3.5,4.5,1.3,0.0,non-vegan,,,,,,,,,,,,,
"Soto padang, masakan",127,5.9,6.6,11.0,0.7,non-vegan,,,,,,,,,,,,,
"Soto pekalongan, masakan",94,3.0,6.8,5.1,0.3,non-vegan,,,,,,,,,,,,,
"Soto pemalang, masakan",75,3.6,5.2,3.5,0.0,non-vegan,,,,,,,,,,,,,
"Soto sukaraja, masakan",80,3.2,3.5,9.0,0.3,non-vegan,,,,,,,,,,,,,
"Soto sulung, masakan",86,2.3,8.5,0.0,0.0,non-vegan,,,,,,,,,,,,,
"Sukiyaki, masakan",75,5.6,0.4,12.2,0.2,non-vegan,,,,,,,,,,,,,
"Tedong pallu basa,
masakan",83,10.4,3.4,2.8,,non-vegan,,,,,,,,,,,,,
"Tikus rica, masakan",257,18.8,18.5,3.8,,non-vegan,,,,,,,,,,,,,
"Tinoransa, masakan",516,17.7,49.5,0.0,,non-vegan,,,,,,,,,,,,,
"Belut, segar",70,14.6,0.8,1.0,0.0,non-vegan,,,,,,,,,,,,,
"Belut,laut, segar",93,12.8,1.5,6.1,0.0,non-vegan,,,,,,,,,,,,,
"Cumi-cumi, segar",75,16.1,0.7,0.1,0.0,non-vegan,,,,,,,,,,,,,
"Ikan bader, segar",193,19.0,13.0,0.0,0.0,non-vegan,,,,,,,,,,,,,
"Ikan balong, segar",107,16.5,3.9,1.5,0.0,non-vegan,,,,,,,,,,,,,
"Ikan bambangan, segar",112,20.0,1.3,3.7,0.0,non-vegan,,,,,,,,,,,,,
"Ikan bandeng, segar",123,20.0,4.8,0.0,0.0,non-vegan,,,,,,,,,,,,,
"Ikan banjar, segar",111,19.4,0.9,4.8,0.0,non-vegan,,,,,,,,,,,,,
"Ikan baronang, segar",78,14.5,0.6,3.7,0.0,non-vegan,,,,,,,,,,,,,
"Ikan batung, segar",115,14.5,4.6,4.2,0.0,non-vegan,,,,,,,,,,,,,
"Ikan baung, segar",123,15.1,5.5,3.3,0.0,non-vegan,,,,,,,,,,,,,
"Ikan bawal, segar",91,19.0,1.7,0.0,0.0,non-vegan,,,,,,,,,,,,,
"Ikan Belida, segar",80,14.7,1.4,2.2,0.0,non-vegan,,,,,,,,,,,,,
"Ikan beunteur, segar",109,17.0,4.0,0.0,0.0,non-vegan,,,,,,,,,,,,,
"Ikan biawan, segar",90,14.9,2.5,2.1,0.0,non-vegan,,,,,,,,,,,,,
"Ikan bili, segar",88,14.2,0.7,6.2,0.0,non-vegan,,,,,,,,,,,,,
"Ikan bubara, segar",100,14.7,2.4,4.9,,non-vegan,,,,,,,,,,,,,
"Ikan bulan-bulan,
segar",134,25.5,1.3,5.0,,non-vegan,,,,,,,,,,,,,
"Ikan cakalang, segar",107,19.6,0.7,5.5,0.0,non-vegan,,,,,,,,,,,,,
"Ikan cakalang, hati, segar",120,11.3,3.9,10.0,,non-vegan,,,,,,,,,,,,,
"Ikan cakalang,
jantung, segar",116,11.2,1.2,10.2,,non-vegan,,,,,,,,,,,,,
"Ikan cakalang, perut,
segar",86,10.2,1.1,8.7,,non-vegan,,,,,,,,,,,,,
"Ikan daun, segar",101,11.5,4.1,4.6,0.0,non-vegan,,,,,,,,,,,,,
"Ikan ekor kuning,
segar",108,22.3,1.2,2.1,0.0,non-vegan,,,,,,,,,,,,,
"Ikan gabus, segar",80,16.2,0.5,2.6,0.0,non-vegan,,,,,,,,,,,,,
"Ikan heu, segar",81,10.0,1.6,6.6,,non-vegan,,,,,,,,,,,,,
"Ikan hitam, segar",101,10.3,3.7,6.7,0.0,non-vegan,,,,,,,,,,,,,
"Ikan hiu, segar",57,10.7,0.3,2.2,0.0,non-vegan,,,,,,,,,,,,,
"Ikan kacangan, segar",77,15.6,0.9,1.6,0.0,non-vegan,,,,,,,,,,,,,
"Ikan kakap, segar",92,20.0,0.7,0.0,0.0,non-vegan,,,,,,,,,,,,,
"Ikan kakatua, segar",82,11.4,1.2,6.4,,non-vegan,,,,,,,,,,,,,
"Ikan kalaban, segar",77,16.4,0.7,1.3,0.0,non-vegan,,,,,,,,,,,,,
"Ikan kamera (kakap
merah), segar",86,19.7,0.8,0.0,0.0,non-vegan,,,,,,,,,,,,,
"Ikan kapar, segar",132,17.0,6.7,0.8,0.0,non-vegan,,,,,,,,,,,,,
"Ikan kawalinya, segar",110,12.6,4.2,5.4,,non-vegan,,,,,,,,,,,,,
"Ikan keru-keru, segar",93,16.5,2.1,0.8,0.0,non-vegan,,,,,,,,,,,,,
"Ikan kima, segar",70,10.8,0.7,5.2,,non-vegan,,,,,,,,,,,,,
"Ikan lais, segar",161,11.9,11.5,2.4,0.0,non-vegan,,,,,,,,,,,,,
"Ikan layang, segar",109,22.0,1.7,0.0,0.0,non-vegan,,,,,,,,,,,,,
"Ikan layur, segar",82,18.0,1.0,0.4,0.0,non-vegan,,,,,,,,,,,,,
"Ikan lehoma, segar",90,20.4,0.9,0.0,,non-vegan,,,,,,,,,,,,,
"Ikan lemuru, segar",112,20.0,3.0,0.0,0.0,non-vegan,,,,,,,,,,,,,
"Ikan lidah, segar",104,15.6,3.2,2.0,0.0,non-vegan,,,,,,,,,,,,,
"Ikan malalugis, segar",99,20.6,1.4,0.9,,non-vegan,,,,,,,,,,,,,
"Ikan mamar merah,
segar",115,15.3,4.0,4.4,0.0,non-vegan,,,,,,,,,,,,,
"Ikan mas, segar",86,16.0,2.0,0.0,0.0,non-vegan,,,,,,,,,,,,,
"Ikan mayong, segar",97,17.9,2.0,0.4,0.0,non-vegan,,,,,,,,,,,,,
"Ikan mujahir, segar",89,18.7,1.0,0.0,0.0,non-vegan,,,,,,,,,,,,,
"Ikan nasu metti, segar",154,16.8,5.0,10.5,,non-vegan,,,,,,,,,,,,,
"Ikan oci, kembung, segar",125,21.3,3.4,2.2,,non-vegan,,,,,,,,,,,,,
"Ikan paling, segar",303,14.0,27.0,0.0,0.0,non-vegan,,,,,,,,,,,,,
"Ikan papuyu/ betok,
segar",120,14.3,4.9,4.6,0.0,non-vegan,,,,,,,,,,,,,
"Ikan patin, segar",132,17.0,6.6,1.1,0.0,non-vegan,,,,,,,,,,,,,
"Ikan pomo, segar",147,22.5,5.2,2.6,,non-vegan,,,,,,,,,,,,,
"Ikan puntin, segar",76,14.4,1.1,2.2,,non-vegan,,,,,,,,,,,,,
"Ikan saluang, segar",113,13.9,4.9,3.4,0.0,non-vegan,,,,,,,,,,,,,
"Ikan sarden, segar",109,19.9,1.8,3.4,0.0,non-vegan,,,,,,,,,,,,,
"Ikan selar, segar",100,18.8,2.2,0.0,0.0,non-vegan,,,,,,,,,,,,,
"Ikan sepat, segar",84,15.2,0.6,4.7,0.0,non-vegan,,,,,,,,,,,,,
"Ikan sidat, segar",81,11.4,1.9,3.8,0.0,non-vegan,,,,,,,,,,,,,
"Ikan sunu, segar",111,13.3,3.4,6.7,,non-vegan,,,,,,,,,,,,,
"Ikan tahuman, segar",88,15.9,0.9,4.1,0.0,non-vegan,,,,,,,,,,,,,
"Ikan tarmon, segar",96,19.5,1.1,2.0,0.0,non-vegan,,,,,,,,,,,,,
"Ikan telan, segar",95,15.8,0.7,6.5,0.0,non-vegan,,,,,,,,,,,,,
"Ikan tembang, segar",204,16.0,15.0,0.0,0.0,non-vegan,,,,,,,,,,,,,
"Ikan tempahas, segar",101,15.1,4.1,1.0,0.0,non-vegan,,,,,,,,,,,,,
"Ikan terbang, segar",98,19.6,1.7,1.0,0.0,non-vegan,,,,,,,,,,,,,
"Ikan teri, segar",74,10.3,1.4,4.1,0.0,non-vegan,,,,,,,,,,,,,
"Ikan titang, segar",82,17.4,0.4,2.3,0.0,non-vegan,,,,,,,,,,,,,
"Ikan tongkol, segar",100,13.7,1.5,8.0,0.0,non-vegan,,,,,,,,,,,,,
"Ikan turi, segar",96,19.2,2.0,0.2,,non-vegan,,,,,,,,,,,,,
"Keong, segar",64,12.0,1.0,2.0,0.0,non-vegan,,,,,,,,,,,,,
"Kepiting, segar",151,13.8,3.8,14.1,0.0,non-vegan,,,,,,,,,,,,,
"Kerang, segar",101,14.4,2.6,3.9,0.0,non-vegan,,,,,,,,,,,,,
"Kodok, segar",73,16.4,0.3,0.0,0.0,non-vegan,,,,,,,,,,,,,
"Kura-kura, segar",83,19.1,0.2,0.0,0.0,non-vegan,,,,,,,,,,,,,
"Kuro, segar",87,16.0,2.2,1.0,0.0,non-vegan,,,,,,,,,,,,,
"Lokan, segar",217,11.0,1.7,5.1,,non-vegan,,,,,,,,,,,,,
"Rajungan, segar",76,12.1,2.0,2.4,0.0,non-vegan,,,,,,,,,,,,,
"Rebon, udang kecil,
segar",81,16.2,1.2,0.7,0.0,non-vegan,,,,,,,,,,,,,
Rusip,110,11.5,2.0,11.7,0.0,non-vegan,,,,,,,,,,,,,
"Udang galah, segar",81,16.5,0.3,3.0,0.0,non-vegan,,,,,,,,,,,,,
"Udang, besar, segar",56,11.4,0.6,1.2,0.0,non-vegan,,,,,,,,,,,,,
"Udang, segar",91,21.0,0.2,0.1,0.0,non-vegan,,,,,,,,,,,,,
"Bekicot, dendeng,
mentah",441,48.7,20.3,15.8,0.0,non-vegan,,,,,,,,,,,,,
"Belut, goreng",417,25.9,19.4,32.0,0.0,non-vegan,,,,,,,,,,,,,
"Cumi-cumi, goreng",265,40.6,10.1,0.0,0.0,non-vegan,,,,,,,,,,,,,
"Ikan asin, kering",193,42.0,1.5,0.0,0.0,non-vegan,,,,,,,,,,,,,
"Ikan bandeng presto,
masakan",296,17.1,20.3,11.3,0.0,non-vegan,,,,,,,,,,,,,
Ikan baung bakar,144,17.8,5.8,5.2,,non-vegan,,,,,,,,,,,,,
Ikan Belida bakar,128,18.0,3.0,7.2,0.0,non-vegan,,,,,,,,,,,,,
"Ikan cakalang asap, mentah",204,34.2,5.6,1.9,,non-vegan,,,,,,,,,,,,,
"Ikan cakalang asin, mentah",198,36.5,2.2,5.5,0.0,non-vegan,,,,,,,,,,,,,
"Ikan calo/ peda, mentah",81,11.4,1.9,3.8,0.0,non-vegan,,,,,,,,,,,,,
"Ikan Gabus asap, mentah",261,38.1,2.3,21.9,0.0,non-vegan,,,,,,,,,,,,,
"Ikan Gabus, kering",268,58.0,4.0,0.0,0.0,non-vegan,,,,,,,,,,,,,
"Ikan gete, goreng",267,23.1,19.4,0.2,,non-vegan,,,,,,,,,,,,,
"Ikan hiu, kering",298,46.3,3.6,20.2,,non-vegan,,,,,,,,,,,,,
"Ikan katombo, asin",162,31.7,2.8,0.3,0.0,non-vegan,,,,,,,,,,,,,
"Ikan kayu, kering",302,70.7,1.9,0.4,0.0,non-vegan,,,,,,,,,,,,,
Ikan Lais bakar,147,17.5,6.5,5.4,,non-vegan,,,,,,,,,,,,,
"Ikan lomak asin,
mentah",258,40.3,2.3,18.9,0.0,non-vegan,,,,,,,,,,,,,
Ikan Mas pepes,209,15.2,11.3,11.8,0.5,non-vegan,,,,,,,,,,,,,
Ikan mujahir goreng,416,46.9,23.9,0.0,0.0,non-vegan,,,,,,,,,,,,,
Ikan Mujahir pepes,121,21.7,2.8,0.8,0.0,non-vegan,,,,,,,,,,,,,
"Ikan mujahir,
dendeng, mentah",582,68.3,15.2,37.2,0.0,non-vegan,,,,,,,,,,,,,
"Ikan Papuyu, bakar",152,17.6,6.1,6.7,0.0,non-vegan,,,,,,,,,,,,,
"Ikan Patin, bakar",144,17.5,6.3,4.3,,non-vegan,,,,,,,,,,,,,
"Ikan peda banjar,
mentah",156,28.0,4.0,2.0,0.0,non-vegan,,,,,,,,,,,,,
"Ikan pepetek, mentah",176,32.0,4.4,2.0,0.0,non-vegan,,,,,,,,,,,,,
"Ikan Pindang banjar,
mentah",157,28.0,4.2,1.8,0.0,non-vegan,,,,,,,,,,,,,
"Ikan Pindang benggol,
mentah",170,31.0,4.2,0.0,0.0,non-vegan,,,,,,,,,,,,,
"Ikan Pindang layang,
mentah",153,30.0,2.8,0.0,0.0,non-vegan,,,,,,,,,,,,,
"Ikan Pindang selar,
mentah",142,27.0,3.0,0.0,0.0,non-vegan,,,,,,,,,,,,,
"Ikan sale, mentah",534,40.2,39.3,4.9,2.0,non-vegan,,,,,,,,,,,,,
"Ikan sale lais, mentah",415,61.3,17.6,2.9,0.0,non-vegan,,,,,,,,,,,,,
"Ikan saluang, kering,
mentah",284,34.1,9.9,14.6,0.0,non-vegan,,,,,,,,,,,,,
"Ikan sanggang, masakan",240,21.7,7.7,20.7,,non-vegan,,,,,,,,,,,,,
"Ikan selar kuning, cue,
mentah",138,27.0,3.3,0.0,0.0,non-vegan,,,,,,,,,,,,,
"Ikan selar, kering,
mentah",194,38.0,3.5,0.0,0.0,non-vegan,,,,,,,,,,,,,
"Ikan sepat, kering,
mentah",289,38.0,14.0,0.0,0.0,non-vegan,,,,,,,,,,,,,
"Ikan sunu, asin,
mentah",199,34.1,3.8,7.1,,non-vegan,,,,,,,,,,,,,
"Ikan, tepung, mentah",316,60.1,6.5,22.4,0.0,non-vegan,,,,,,,,,,,,,
"Ikan Teri nasi, kering,
mentah",144,32.5,0.6,0.0,0.0,non-vegan,,,,,,,,,,,,,
"Ikan Teri, bubuk, mentah",277,60.0,2.3,1.8,0.0,non-vegan,,,,,,,,,,,,,
"Ikan teri, kering, mentah",170,33.4,3.0,0.0,0.0,non-vegan,,,,,,,,,,,,,
"Ikan Teri, kering, tawar, mentah",331,68.7,4.2,0.0,0.0,non-vegan,,,,,,,,,,,,,
"Ikan Teri, tepung, mentah",347,48.8,6.4,19.6,0.0,non-vegan,,,,,,,,,,,,,
"Kerang, asap, mentah",393,38.9,13.3,29.4,,non-vegan,,,,,,,,,,,,,
"Kerang, dendeng,
mentah",357,41.1,10.0,25.6,0.0,non-vegan,,,,,,,,,,,,,
"Rebon, kering, mentah",299,59.4,3.6,3.2,0.0,non-vegan,,,,,,,,,,,,,
"Rebung laut, mentah",320,7.2,4.2,63.3,,non-vegan,,,,,,,,,,,,,
Sardines dalam kaleng,338,21.1,27.0,1.0,0.0,non-vegan,,,,,,,,,,,,,
"Teripang, dendeng,
mentah",462,39.1,32.4,3.5,0.0,non-vegan,,,,,,,,,,,,,
"Udang kering, mentah",278,62.6,4.1,2.2,,non-vegan,,,,,,,,,,,,,
"Udang papay, mentah",273,47.8,3.8,12.5,,non-vegan,,,,,,,,,,,,,
Abon haruwan,513,23.7,37.0,21.3,,non-vegan,,,,,,,,,,,,,
Abon ikan,435,27.2,20.2,36.1,,non-vegan,,,,,,,,,,,,,
"Betok wadi, masakan",145,16.3,7.0,4.1,,non-vegan,,,,,,,,,,,,,
"Bou ninahu ndamate,
masakan",79,6.3,1.0,1.1,,non-vegan,,,,,,,,,,,,,
"Bouiki ninahu
nggaluku, masakan",94,7.8,2.2,10.8,,non-vegan,,,,,,,,,,,,,
Cakalang asar (asap),155,20.1,3.8,10.2,,non-vegan,,,,,,,,,,,,,
"Dendeng belut,
goreng, masakan",382,55.7,14.1,8.0,0.0,non-vegan,,,,,,,,,,,,,
"Dendeng mujahir,
goreng, masakan",598,74.3,26.9,9.2,0.0,non-vegan,,,,,,,,,,,,,
Fillet o-fish,270,12.3,15.9,19.3,0.2,non-vegan,,,,,,,,,,,,,
"Gete kuah asam,
masakan",75,8.2,2.0,6.0,,non-vegan,,,,,,,,,,,,,
"Gulai asam keueung,
masakan",52,10.0,0.5,1.8,,non-vegan,,,,,,,,,,,,,
"Gulai ikan, masakan",106,16.5,3.3,2.5,,non-vegan,,,,,,,,,,,,,
"Gulai ikan paya,
masakan",148,10.0,9.8,5.0,,non-vegan,,,,,,,,,,,,,
"Gulai keumamah,
masakan",110,5.9,8.2,3.2,,non-vegan,,,,,,,,,,,,,
"Gulai tiram, masakan",132,9.0,7.2,7.8,,non-vegan,,,,,,,,,,,,,
"Gurame asem manis, masakan",192,12.7,10.1,12.7,0.0,non-vegan,,,,,,,,,,,,,
"Ikan asar merah, masakan",146,17.7,5.9,5.6,,non-vegan,,,,,,,,,,,,,
"Jambal goreng, masakan",286,48.5,9.2,2.3,,non-vegan,,,,,,,,,,,,,
"Jukku pallu kaloa,
masakan",15,15.2,4.3,8.8,,non-vegan,,,,,,,,,,,,,
"Kaholeo, masakan",413,28.7,19.8,29.8,,non-vegan,,,,,,,,,,,,,
Lawara penjah,207,7.4,15.4,9.6,,non-vegan,,,,,,,,,,,,,
"Model, masakan",79,2.2,4.0,8.6,,non-vegan,,,,,,,,,,,,,
"Mujahir acar kuning,
masakan",330,17.8,23.4,12.1,1.1,non-vegan,,,,,,,,,,,,,
"Parede baleh,
masakan",87,10.5,2.5,5.5,,non-vegan,,,,,,,,,,,,,
"Pempek adaan,
masakan",162,4.9,3.0,27.8,,non-vegan,,,,,,,,,,,,,
"Pempek belida,
masakan",156,4.2,1.4,31.6,0.2,non-vegan,,,,,,,,,,,,,
"Pempek kapal selam,
masakan",152,4.5,2.3,28.2,,non-vegan,,,,,,,,,,,,,
"Pempek kelesan,
masakan",211,12.3,6.1,26.6,0.4,non-vegan,,,,,,,,,,,,,
"Pempek kulit,
masakan",243,5.2,7.3,39.1,,non-vegan,,,,,,,,,,,,,
"Pempek telur,
masakan",156,4.7,2.7,28.3,,non-vegan,,,,,,,,,,,,,
"Pempek tenggiri,
masakan",173,7.2,1.2,33.4,0.2,non-vegan,,,,,,,,,,,,,
"Pencok lele, masakan",372,7.8,36.3,3.5,0.0,non-vegan,,,,,,,,,,,,,
Pinda,107,15.9,0.6,0.4,,non-vegan,,,,,,,,,,,,,
"Pindang kenari,
masakan",124,9.5,9.6,0.0,,non-vegan,,,,,,,,,,,,,
"Saboko gurita,
masakan",87,15.7,1.5,2.6,,non-vegan,,,,,,,,,,,,,
"Saboko saltan,
masakan",113,17.1,3.6,3.0,,non-vegan,,,,,,,,,,,,,
"Saboko sardin,
masakan",110,12.9,4.3,4.9,,non-vegan,,,,,,,,,,,,,
Sate Bandeng,283,12.1,16.8,20.9,2.0,non-vegan,,,,,,,,,,,,,
"Sepi, masakan",88,7.9,1.6,10.6,,non-vegan,,,,,,,,,,,,,
"Tekwan, masakan",53,1.9,0.9,9.4,,non-vegan,,,,,,,,,,,,,
"Teri belado, masakan",365,23.7,22.3,17.5,0.0,non-vegan,,,,,,,,,,,,,
"Tumis bandeng,
masakan",189,11.3,15.7,0.6,,non-vegan,,,,,,,,,,,,,
Tumis keumamah,300,14.5,20.0,15.5,4.5,non-vegan,,,,,,,,,,,,,
"Telur ayam kampung,
segar",174,10.8,14.0,1.2,0.0,non-vegan,,,,,,,,,,,,,
"Telur ayam ras, segar",154,12.4,10.8,0.7,0.0,non-vegan,,,,,,,,,,,,,
"Telur ayam ras, bagian kuning, segar",355,16.3,31.9,0.7,0.0,non-vegan,,,,,,,,,,,,,
"Telur aAyam ras, bagian putih, segar",50,10.8,0.0,0.8,0.0,non-vegan,,,,,,,,,,,,,
"Telur bebek alabio,
segar",187,11.8,14.2,3.0,0.0,non-vegan,,,,,,,,,,,,,
"Telur bebek, bagian kuning, segar",386,17.0,35.0,0.8,0.0,non-vegan,,,,,,,,,,,,,
"Telur bebek, bagian putih, segar",54,11.0,0.0,0.8,0.0,non-vegan,,,,,,,,,,,,,
"Telur bebek tambak,
segar",187,10.9,12.4,7.9,0.0,non-vegan,,,,,,,,,,,,,
"Telur burung maleo,
segar",436,26.5,36.3,0.4,,non-vegan,,,,,,,,,,,,,
"Telur penyu, segar",136,8.6,10.1,2.7,0.0,non-vegan,,,,,,,,,,,,,
"Telur burung puyuh, segar",116,10.7,7.0,1.6,0.0,non-vegan,,,,,,,,,,,,,
"Telur ayam, dadar,
masakan",251,16.3,19.4,1.4,0.0,non-vegan,,,,,,,,,,,,,
"Telur bebek, asin,
mentah",179,13.6,13.3,4.4,0.0,non-vegan,,,,,,,,,,,,,
"Telur bebek, dadar,
masakan",301,20.0,23.7,0.0,0.0,non-vegan,,,,,,,,,,,,,
"Ikan, telur, asin,
mentah",358,20.7,26.4,9.4,0.0,non-vegan,,,,,,,,,,,,,
"Bayau mi balu,
masakan",313,6.0,12.2,44.8,,non-vegan,,,,,,,,,,,,,
"Cucuru bayau,
masakan",349,6.8,18.7,38.3,,non-vegan,,,,,,,,,,,,,
"Kalio telur, masakan",193,10.6,12.4,9.7,,non-vegan,,,,,,,,,,,,,
"Kepala susu - krim,
segar",204,2.6,20.0,4.0,0.0,non-vegan,,,,,,,,,,,,,
Susu ibu - ASI,62,1.5,3.2,7.0,0.0,non-vegan,,,,,,,,,,,,,
"Susu kambing, segar",64,4.3,2.3,6.6,0.0,non-vegan,,,,,,,,,,,,,
"Susu kerbau, segar",160,6.3,12.0,7.1,,non-vegan,,,,,,,,,,,,,
"Susu kuda, segar",40,2.0,1.1,5.4,0.0,non-vegan,,,,,,,,,,,,,
"Susu sapi, segar",61,3.2,3.5,4.3,0.0,non-vegan,,,,,,,,,,,,,
Es krim,210,4.0,12.5,20.6,0.0,non-vegan,,,,,,,,,,,,,
Hangop,65,10.0,1.0,3.5,0.0,non-vegan,,,,,,,,,,,,,
Keju,326,22.8,20.3,13.1,0.0,non-vegan,,,,,,,,,,,,,
Kwark (Quark),242,19.0,17.0,3.0,0.0,non-vegan,,,,,,,,,,,,,
"Susu asam untuk bayi,
bubuk",418,19.0,9.0,65.5,0.0,non-vegan,,,,,,,,,,,,,
Susu bubuk,513,24.6,30.0,36.2,0.0,non-vegan,,,,,,,,,,,,,
Susu kental manis,343,8.2,10.0,55.0,0.0,non-vegan,,,,,,,,,,,,,
Susu kental tak manis,138,7.0,7.9,9.9,,non-vegan,,,,,,,,,,,,,
"Susu skim, bubuk",359,35.6,1.0,52.0,0.0,non-vegan,,,,,,,,,,,,,
"Susu skim, segar",36,3.5,0.1,5.1,,non-vegan,,,,,,,,,,,,,
"Yoghurt, segar",52,3.3,2.5,4.0,0.0,non-vegan,,,,,,,,,,,,,
"Kelapa setengah tua,
daging, segar",180,4.0,15.0,10.0,2.4,vegan,,,,,,,,,,,,,
"Kelapa tua, daging,
segar",359,3.4,34.7,14.0,4.7,vegan,,,,,,,,,,,,,
Lemak babi (lard),902,0.0,100.0,0.0,0.0,non-vegan,,,,,,,,,,,,,
Lemak babi (bacon),626,9.1,65.0,1.1,0.0,non-vegan,,,,,,,,,,,,,
Lemak ikan,372,12.0,29.4,14.4,0.0,non-vegan,,,,,,,,,,,,,
Lemak kerbau (lemak sapi),818,1.5,90.0,0.0,0.0,non-vegan,,,,,,,,,,,,,
"Minyak hiu, hati",902,0.0,100.0,0.0,0.0,non-vegan,,,,,,,,,,,,,
Minyak ikan,902,0.0,100.0,0.0,0.0,non-vegan,,,,,,,,,,,,,
Minyak kacang tanah,902,0.0,100.0,0.0,0.0,vegan,,,,,,,,,,,,,
Minyak kedelai,883,0.0,99.9,0.0,0.0,vegan,,,,,,,,,,,,,
Minyak kelapa,870,1.0,98.0,0.0,0.0,vegan,,,,,,,,,,,,,
Minyak kelapa sawit,884,0.0,100.0,0.0,0.0,vegan,,,,,,,,,,,,,
Minyak wijen,881,0.2,99.7,0.0,0.0,vegan,,,,,,,,,,,,,
Minyak zaitun,884,0.0,100.0,0.0,0.0,vegan,,,,,,,,,,,,,
Margarin,720,0.6,81.0,0.4,0.0,vegan,,,,,,,,,,,,,
Mentega,742,0.5,81.6,1.4,0.0,non-vegan,,,,,,,,,,,,,
Santan (dengan air),122,2.0,10.0,7.6,1.4,vegan,,,,,,,,,,,,,
Santan murni,324,4.2,34.3,5.6,0.0,vegan,,,,,,,,,,,,,
"Coklat manis, batang",527,2.0,29.8,62.7,6.5,vegan,,,,,,,,,,,,,
"Coklat pahit,batang",615,5.5,42.6,29.2,10.8,vegan,,,,,,,,,,,,,
"Coklat susu, batang",565,9.0,35.0,53.6,3.4,vegan,,,,,,,,,,,,,
Coklat bubuk,311,8.0,4.0,48.9,32.6,vegan,,,,,,,,,,,,,
Gula aren,368,0.0,0.0,92.0,0.0,vegan,,,,,,,,,,,,,
Gula kelapa,386,3.0,10.0,76.0,0.0,vegan,,,,,,,,,,,,,
Gula putih,394,0.0,0.0,94.0,0.0,vegan,,,,,,,,,,,,,
"Jam, selai",239,0.5,0.6,64.5,1.0,vegan,,,,,,,,,,,,,
Kopi bubuk instant,129,12.3,0.5,35.0,0.0,vegan,,,,,,,,,,,,,
Madu,294,0.3,0.0,79.5,0.2,vegan,,,,,,,,,,,,,
Markisa squash,217,2.5,1.0,49.6,,vegan,,,,,,,,,,,,,
"Markisa squash, BD",104,1.2,0.5,23.7,,vegan,,,,,,,,,,,,,
Melase,276,,0.1,71.0,0.0,vegan,,,,,,,,,,,,,
Sirup,213,0.0,0.0,55.0,0.0,vegan,,,,,,,,,,,,,
Sirup pirous,228,0.2,0.4,55.9,0.0,vegan,,,,,,,,,,,,,
Teh hijau daun kering,300,28.3,4.8,53.6,9.6,vegan,,,,,,,,,,,,,
Teh hitam daun kering,293,24.5,2.8,58.8,8.7,vegan,,,,,,,,,,,,,
"Teh melati daun
kering",299,24.1,3.5,59.0,9.7,vegan,,,,,,,,,,,,,
"Asam arang coklat,
segar",130,0.5,1.1,30.9,1.5,non-vegan,,,,,,,,,,,,,
"Asam arang merah,
segar",99,0.8,1.6,20.3,2.8,non-vegan,,,,,,,,,,,,,
"Asan kandis, kering",261,0.9,1.6,63.3,5.0,non-vegan,,,,,,,,,,,,,
"Asam kandis, segar",75,0.2,1.1,16.1,3.4,non-vegan,,,,,,,,,,,,,
"Asam masak pohon,
segar",267,2.8,0.6,62.5,1.2,non-vegan,,,,,,,,,,,,,
"Asam payak, segar",135,0.8,0.4,32.1,10.0,non-vegan,,,,,,,,,,,,,
"Bawang merah, segar",46,1.5,0.3,9.2,1.7,vegan,,,,,,,,,,,,,
"Bawang putih, segar",112,4.5,0.2,23.1,0.6,vegan,,,,,,,,,,,,,
"Boros kunci, segar",40,1.0,0.8,7.2,1.0,vegan,,,,,,,,,,,,,
"Boros laja (lengkuas),
segar",26,1.0,0.3,4.7,1.1,vegan,,,,,,,,,,,,,
"Cabai gembor merah,
segar",38,1.6,0.8,6.3,1.6,vegan,,,,,,,,,,,,,
"Cabai hijau, segar",26,0.7,0.3,5.2,2.6,vegan,,,,,,,,,,,,,
"Cabai merah, kering",367,15.9,6.2,61.8,26.9,vegan,,,,,,,,,,,,,
"Cabai merah, segar",36,1.0,0.3,7.3,1.4,vegan,,,,,,,,,,,,,
"Cabai rawit, segar",120,4.7,2.4,19.9,15.2,vegan,,,,,,,,,,,,,
"Cengkeh, kering",330,5.2,8.9,57.4,10.0,vegan,,,,,,,,,,,,,
"Daun salam,  bubuk",301,14.2,10.9,49.0,9.4,vegan,,,,,,,,,,,,,
"Jahe, segar",51,1.5,1.0,10.1,12.0,vegan,,,,,,,,,,,,,
Kemiri,675,19.0,63.0,8.0,3.0,vegan,,,,,,,,,,,,,
"Ketumbar, kering",418,14.1,16.1,54.2,12.3,vegan,,,,,,,,,,,,,
Kluwek,310,10.0,24.0,13.5,,vegan,,,,,,,,,,,,,
"Kunyit, segar",69,2.0,2.7,9.1,0.6,vegan,,,,,,,,,,,,,
"Merica, kering",365,11.5,6.8,64.4,1.0,vegan,,,,,,,,,,,,,
"Pala, biji, kering",518,7.5,36.4,40.1,3.5,vegan,,,,,,,,,,,,,
Balichong,152,13.2,0.8,22.9,1.5,non-vegan,,,,,,,,,,,,,
Bekasam,116,11.9,4.9,6.1,3.5,non-vegan,,,,,,,,,,,,,
Bekasang,78,11.4,2.0,3.6,0.4,non-vegan,,,,,,,,,,,,,
Cuka,21,0.1,0.1,5.0,0.0,vegan,,,,,,,,,,,,,
Kecap,71,5.7,1.3,9.0,0.0,vegan,,,,,,,,,,,,,
Petis ikan,165,20.0,0.2,20.8,,non-vegan,,,,,,,,,,,,,
Petis udang kering,345,23.8,1.4,59.3,0.0,non-vegan,,,,,,,,,,,,,
Petis udang pasta,220,15.0,0.9,38.0,2.3,non-vegan,,,,,,,,,,,,,
Saos tomat,110,2.0,0.4,24.5,0.9,vegan,,,,,,,,,,,,,
Tempoya,110,1.7,1.3,21.9,2.6,non-vegan,,,,,,,,,,,,,
Terasi,155,22.3,2.9,9.9,2.7,non-vegan,,,,,,,,,,,,,
Terasi dobo,191,33.1,3.6,6.6,1.6,non-vegan,,,,,,,,,,,,,
Terasi merah,174,30.0,3.5,5.6,2.2,non-vegan,,,,,,,,,,,,,
"Kelapa muda, air, segar",17,0.2,0.1,3.8,0.0,vegan,,,,,,,,,,,,,
